Workbook

Sheet Données chiffrées par commune
B1: Région | C1: COMMUNE | D1: Zone DR | E1: EQL S35_2026 | F1: Raccordés S35_2026 | G1: Taux de pénétration S35_2026 | H1: EQL S36_2026 | I1: Raccordés S36_2026 | J1: Taux de pénétration S36_2026 | K1: Taux d'évolution taux de pénétration entre S36_2026 et S35_2026 | L1: Évolution (S36 - S35) | M1: Tendance Evolution | N1: Statut Semaine | O1: Nouveaux Raccordés (S36-S35) | P1: Potentiel Non Capté (EQL-Raccordés) | Q1: Segment Pénétration
B2: Tambacounda | C2: Bakel | D2: DRSE | E2: 1864 | F2: 1041 | G2: =F2/E2 -> 0.55847639 | H2: 1864 | I2: 1059 | J2: =I2/H2 -> 0.56813305 | K2: =(J2-G2)/G2 -> 0.017291066 | L2: =J2-G2 -> 0.0096566524 | M2: =IF(L2="","➡️ Stable",IF(L2>0.005,"⬆️ En hausse",IF(L2<-0.005,"⬇️ En baisse","➡️ Stable"))) -> ⬆️ En hausse | N2: =IF(L2>0.005,"🟢 Progression",IF(L2<-0.005,"🔴 Régression","🟡 Stable")) -> 🟢 Progression | O2: =I2-F2 -> 18 | P2: =H2-I2 -> 805 | Q2: =IF(J2="","N/A",IF(J2>=0.7,"🟢 Excellent (≥70%)",IF(J2>=0.55,"🟡 Correct (55-70%)",IF(J2>=0.4,"🟠 Faible (40-55%)","🔴 Critique (<40%)")))) -> 🟡 Correct (55-70%)
B3: Dakar | C3: Bambilor | D3: DR2 | E3: 5400 | F3: 3745 | G3: =F3/E3 -> 0.69351852 | H3: 5400 | I3: 3757 | J3: =I3/H3 -> 0.69574074 | K3: =(J3-G3)/G3 -> 0.0032042724 | L3: =J3-G3 -> 0.0022222222 | M3: =IF(L3="","➡️ Stable",IF(L3>0.005,"⬆️ En hausse",IF(L3<-0.005,"⬇️ En baisse","➡️ Stable"))) -> ➡️ Stable | N3: =IF(L3>0.005,"🟢 Progression",IF(L3<-0.005,"🔴 Régression","🟡 Stable")) -> 🟡 Stable | O3: =I3-F3 -> 12 | P3: =H3-I3 -> 1643 | Q3: =IF(J3="","N/A",IF(J3>=0.7,"🟢 Excellent (≥70%)",IF(J3>=0.55,"🟡 Correct (55-70%)",IF(J3>=0.4,"🟠 Faible (40-55%)","🔴 Critique (<40%)")))) -> 🟡 Correct (55-70%)
B4: Dakar | C4: Bargny | D4: DR2 | E4: 6624 | F4: 4142 | G4: =F4/E4 -> 0.62530193 | H4: 6624 | I4: 4179 | J4: =I4/H4 -> 0.63088768 | K4: =(J4-G4)/G4 -> 0.0089328827 | L4: =J4-G4 -> 0.0055857488 | M4: =IF(L4="","➡️ Stable",IF(L4>0.005,"⬆️ En hausse",IF(L4<-0.005,"⬇️ En baisse","➡️ Stable"))) -> ⬆️ En hausse | N4: =IF(L4>0.005,"🟢 Progression",IF(L4<-0.005,"🔴 Régression","🟡 Stable")) -> 🟢 Progression | O4: =I4-F4 -> 37 | P4: =H4-I4 -> 2445 | Q4: =IF(J4="","N/A",IF(J4>=0.7,"🟢 Excellent (≥70%)",IF(J4>=0.55,"🟡 Correct (55-70%)",IF(J4>=0.4,"🟠 Faible (40-55%)","🔴 Critique (<40%)")))) -> 🟡 Correct (55-70%)
A5: Communes officielles | B5: Ziguinchor | C5: Bignona | D5: DRS | E5: 3766 | F5: 1955 | G5: =F5/E5 -> 0.51911843 | H5: 3766 | I5: 1961 | J5: =I5/H5 -> 0.52071163 | K5: =(J5-G5)/G5 -> 0.0030690537 | L5: =J5-G5 -> 0.0015932023 | M5: =IF(L5="","➡️ Stable",IF(L5>0.005,"⬆️ En hausse",IF(L5<-0.005,"⬇️ En baisse","➡️ Stable"))) -> ➡️ Stable | N5: =IF(L5>0.005,"🟢 Progression",IF(L5<-0.005,"🔴 Régression","🟡 Stable")) -> 🟡 Stable | O5: =I5-F5 -> 6 | P5: =H5-I5 -> 1805 | Q5: =IF(J5="","N/A",IF(J5>=0.7,"🟢 Excellent (≥70%)",IF(J5>=0.55,"🟡 Correct (55-70%)",IF(J5>=0.4,"🟠 Faible (40-55%)","🔴 Critique (<40%)")))) -> 🟠 Faible (40-55%)
B6: Dakar | C6: Biscuiterie | D6: DR1 | E6: 6824 | F6: 4958 | G6: =F6/E6 -> 0.72655334 | H6: 6836 | I6: 4957 | J6: =I6/H6 -> 0.72513166 | K6: =(J6-G6)/G6 -> -0.0019567527 | L6: =J6-G6 -> -0.0014216852 | M6: =IF(L6="","➡️ Stable",IF(L6>0.005,"⬆️ En hausse",IF(L6<-0.005,"⬇️ En baisse","➡️ Stable"))) -> ➡️ Stable | N6: =IF(L6>0.005,"🟢 Progression",IF(L6<-0.005,"🔴 Régression","🟡 Stable")) -> 🟡 Stable | O6: =I6-F6 -> -1 | P6: =H6-I6 -> 1879 | Q6: =IF(J6="","N/A",IF(J6>=0.7,"🟢 Excellent (≥70%)",IF(J6>=0.55,"🟡 Correct (55-70%)",IF(J6>=0.4,"🟠 Faible (40-55%)","🔴 Critique (<40%)")))) -> 🟢 Excellent (≥70%)
B7: Dakar | C7: Cambérène | D7: DR2 | E7: 9766 | F7: 7014 | G7: =F7/E7 -> 0.71820602 | H7: 9766 | I7: 7049 | J7: =I7/H7 -> 0.72178988 | K7: =(J7-G7)/G7 -> 0.00499002 | L7: =J7-G7 -> 0.0035838624 | M7: =IF(L7="","➡️ Stable",IF(L7>0.005,"⬆️ En hausse",IF(L7<-0.005,"⬇️ En baisse","➡️ Stable"))) -> ➡️ Stable | N7: =IF(L7>0.005,"🟢 Progression",IF(L7<-0.005,"🔴 Régression","🟡 Stable")) -> 🟡 Stable | O7: =I7-F7 -> 35 | P7: =H7-I7 -> 2717 | Q7: =IF(J7="","N/A",IF(J7>=0.7,"🟢 Excellent (≥70%)",IF(J7>=0.55,"🟡 Correct (55-70%)",IF(J7>=0.4,"🟠 Faible (40-55%)","🔴 Critique (<40%)")))) -> 🟢 Excellent (≥70%)
B8: Thiès | C8: Chérif Lo | D8: DRC | E8: 2984 | F8: 1241 | G8: =F8/E8 -> 0.41588472 | H8: 2984 | I8: 1271 | J8: =I8/H8 -> 0.42593834 | K8: =(J8-G8)/G8 -> 0.024174053 | L8: =J8-G8 -> 0.010053619 | M8: =IF(L8="","➡️ Stable",IF(L8>0.005,"⬆️ En hausse",IF(L8<-0.005,"⬇️ En baisse","➡️ Stable"))) -> ⬆️ En hausse | N8: =IF(L8>0.005,"🟢 Progression",IF(L8<-0.005,"🔴 Régression","🟡 Stable")) -> 🟢 Progression | O8: =I8-F8 -> 30 | P8: =H8-I8 -> 1713 | Q8: =IF(J8="","N/A",IF(J8>=0.7,"🟢 Excellent (≥70%)",IF(J8>=0.55,"🟡 Correct (55-70%)",IF(J8>=0.4,"🟠 Faible (40-55%)","🔴 Critique (<40%)")))) -> 🟠 Faible (40-55%)
B9: Louga | C9: Dahra | D9: DRN | E9: 696 | F9: 558 | G9: =F9/E9 -> 0.80172414 | H9: 696 | I9: 563 | J9: =I9/H9 -> 0.80890805 | K9: =(J9-G9)/G9 -> 0.0089605735 | L9: =J9-G9 -> 0.007183908 | M9: =IF(L9="","➡️ Stable",IF(L9>0.005,"⬆️ En hausse",IF(L9<-0.005,"⬇️ En baisse","➡️ Stable"))) -> ⬆️ En hausse | N9: =IF(L9>0.005,"🟢 Progression",IF(L9<-0.005,"🔴 Régression","🟡 Stable")) -> 🟢 Progression | O9: =I9-F9 -> 5 | P9: =H9-I9 -> 133 | Q9: =IF(J9="","N/A",IF(J9>=0.7,"🟢 Excellent (≥70%)",IF(J9>=0.55,"🟡 Correct (55-70%)",IF(J9>=0.4,"🟠 Faible (40-55%)","🔴 Critique (<40%)")))) -> 🟢 Excellent (≥70%)
B10: Dakar | C10: Dakar-Plateau | D10: DR1 | E10: 26994 | F10: 11547 | G10: =F10/E10 -> 0.42776172 | H10: 27024 | I10: 11546 | J10: =I10/H10 -> 0.42724985 | K10: =(J10-G10)/G10 -> -0.0011966308 | L10: =J10-G10 -> -0.00051187284 | M10: =IF(L10="","➡️ Stable",IF(L10>0.005,"⬆️ En hausse",IF(L10<-0.005,"⬇️ En baisse","➡️ Stable"))) -> ➡️ Stable | N10: =IF(L10>0.005,"🟢 Progression",IF(L10<-0.005,"🔴 Régression","🟡 Stable")) -> 🟡 Stable | O10: =I10-F10 -> -1 | P10: =H10-I10 -> 15478 | Q10: =IF(J10="","N/A",IF(J10>=0.7,"🟢 Excellent (≥70%)",IF(J10>=0.55,"🟡 Correct (55-70%)",IF(J10>=0.4,"🟠 Faible (40-55%)","🔴 Critique (<40%)")))) -> 🟠 Faible (40-55%)
B11: Dakar | C11: Dalifort | D11: DR1 | E11: 5054 | F11: 3180 | G11: =F11/E11 -> 0.62920459 | H11: 5054 | I11: 3194 | J11: =I11/H11 -> 0.63197467 | K11: =(J11-G11)/G11 -> 0.0044025157 | L11: =J11-G11 -> 0.0027700831 | M11: =IF(L11="","➡️ Stable",IF(L11>0.005,"⬆️ En hausse",IF(L11<-0.005,"⬇️ En baisse","➡️ Stable"))) -> ➡️ Stable | N11: =IF(L11>0.005,"🟢 Progression",IF(L11<-0.005,"🔴 Régression","🟡 Stable")) -> 🟡 Stable | O11: =I11-F11 -> 14 | P11: =H11-I11 -> 1860 | Q11: =IF(J11="","N/A",IF(J11>=0.7,"🟢 Excellent (≥70%)",IF(J11>=0.55,"🟡 Correct (55-70%)",IF(J11>=0.4,"🟠 Faible (40-55%)","🔴 Critique (<40%)")))) -> 🟡 Correct (55-70%)
B12: Louga | C12: Darou Mousty | D12: DRT | E12: 1032 | F12: 652 | G12: =F12/E12 -> 0.63178295 | H12: 1032 | I12: 653 | J12: =I12/H12 -> 0.63275194 | K12: =(J12-G12)/G12 -> 0.0015337423 | L12: =J12-G12 -> 0.00096899225 | M12: =IF(L12="","➡️ Stable",IF(L12>0.005,"⬆️ En hausse",IF(L12<-0.005,"⬇️ En baisse","➡️ Stable"))) -> ➡️ Stable | N12: =IF(L12>0.005,"🟢 Progression",IF(L12<-0.005,"🔴 Régression","🟡 Stable")) -> 🟡 Stable | O12: =I12-F12 -> 1 | P12: =H12-I12 -> 379 | Q12: =IF(J12="","N/A",IF(J12>=0.7,"🟢 Excellent (≥70%)",IF(J12>=0.55,"🟡 Correct (55-70%)",IF(J12>=0.4,"🟠 Faible (40-55%)","🔴 Critique (<40%)")))) -> 🟡 Correct (55-70%)
B13: Dakar | C13: Diamaguène-Sicap Mbao | D13: DR2 | E13: 9073 | F13: 5944 | G13: =F13/E13 -> 0.65513061 | H13: 9073 | I13: 5962 | J13: =I13/H13 -> 0.65711452 | K13: =(J13-G13)/G13 -> 0.0030282638 | L13: =J13-G13 -> 0.0019839083 | M13: =IF(L13="","➡️ Stable",IF(L13>0.005,"⬆️ En hausse",IF(L13<-0.005,"⬇️ En baisse","➡️ Stable"))) -> ➡️ Stable | N13: =IF(L13>0.005,"🟢 Progression",IF(L13<-0.005,"🔴 Régression","🟡 Stable")) -> 🟡 Stable | O13: =I13-F13 -> 18 | P13: =H13-I13 -> 3111 | Q13: =IF(J13="","N/A",IF(J13>=0.7,"🟢 Excellent (≥70%)",IF(J13>=0.55,"🟡 Correct (55-70%)",IF(J13>=0.4,"🟠 Faible (40-55%)","🔴 Critique (<40%)")))) -> 🟡 Correct (55-70%)
B14: Dakar | C14: Diamniadio | D14: DR2 | E14: 8310 | F14: 4526 | G14: =F14/E14 -> 0.54464501 | H14: 8310 | I14: 4576 | J14: =I14/H14 -> 0.55066185 | K14: =(J14-G14)/G14 -> 0.011047282 | L14: =J14-G14 -> 0.0060168472 | M14: =IF(L14="","➡️ Stable",IF(L14>0.005,"⬆️ En hausse",IF(L14<-0.005,"⬇️ En baisse","➡️ Stable"))) -> ⬆️ En hausse | N14: =IF(L14>0.005,"🟢 Progression",IF(L14<-0.005,"🔴 Régression","🟡 Stable")) -> 🟢 Progression | O14: =I14-F14 -> 50 | P14: =H14-I14 -> 3734 | Q14: =IF(J14="","N/A",IF(J14>=0.7,"🟢 Excellent (≥70%)",IF(J14>=0.55,"🟡 Correct (55-70%)",IF(J14>=0.4,"🟠 Faible (40-55%)","🔴 Critique (<40%)")))) -> 🟡 Correct (55-70%)
B15: Ziguinchor | C15: Diembéring | D15: DRS | E15: 2516 | F15: 1364 | G15: =F15/E15 -> 0.54213037 | H15: 2524 | I15: 1372 | J15: =I15/H15 -> 0.54358162 | K15: =(J15-G15)/G15 -> 0.0026769407 | L15: =J15-G15 -> 0.0014512508 | M15: =IF(L15="","➡️ Stable",IF(L15>0.005,"⬆️ En hausse",IF(L15<-0.005,"⬇️ En baisse","➡️ Stable"))) -> ➡️ Stable | N15: =IF(L15>0.005,"🟢 Progression",IF(L15<-0.005,"🔴 Régression","🟡 Stable")) -> 🟡 Stable | O15: =I15-F15 -> 8 | P15: =H15-I15 -> 1152 | Q15: =IF(J15="","N/A",IF(J15>=0.7,"🟢 Excellent (≥70%)",IF(J15>=0.55,"🟡 Correct (55-70%)",IF(J15>=0.4,"🟠 Faible (40-55%)","🔴 Critique (<40%)")))) -> 🟠 Faible (40-55%)
B16: Dakar | C16: Dieuppeul-Derklé | D16: DR1 | E16: 10548 | F16: 7013 | G16: =F16/E16 -> 0.66486538 | H16: 10548 | I16: 7000 | J16: =I16/H16 -> 0.66363292 | K16: =(J16-G16)/G16 -> -0.0018537003 | L16: =J16-G16 -> -0.0012324611 | M16: =IF(L16="","➡️ Stable",IF(L16>0.005,"⬆️ En hausse",IF(L16<-0.005,"⬇️ En baisse","➡️ Stable"))) -> ➡️ Stable | N16: =IF(L16>0.005,"🟢 Progression",IF(L16<-0.005,"🔴 Régression","🟡 Stable")) -> 🟡 Stable | O16: =I16-F16 -> -13 | P16: =H16-I16 -> 3548 | Q16: =IF(J16="","N/A",IF(J16>=0.7,"🟢 Excellent (≥70%)",IF(J16>=0.55,"🟡 Correct (55-70%)",IF(J16>=0.4,"🟠 Faible (40-55%)","🔴 Critique (<40%)")))) -> 🟡 Correct (55-70%)
B17: Kolda | C17: Dioulacolon | D17: DRS | E17: 1136 | F17: 539 | G17: =F17/E17 -> 0.47447183 | H17: 1136 | I17: 543 | J17: =I17/H17 -> 0.47799296 | K17: =(J17-G17)/G17 -> 0.0074211503 | L17: =J17-G17 -> 0.0035211268 | M17: =IF(L17="","➡️ Stable",IF(L17>0.005,"⬆️ En hausse",IF(L17<-0.005,"⬇️ En baisse","➡️ Stable"))) -> ➡️ Stable | N17: =IF(L17>0.005,"🟢 Progression",IF(L17<-0.005,"🔴 Régression","🟡 Stable")) -> 🟡 Stable | O17: =I17-F17 -> 4 | P17: =H17-I17 -> 593 | Q17: =IF(J17="","N/A",IF(J17>=0.7,"🟢 Excellent (≥70%)",IF(J17>=0.55,"🟡 Correct (55-70%)",IF(J17>=0.4,"🟠 Faible (40-55%)","🔴 Critique (<40%)")))) -> 🟠 Faible (40-55%)
... B115: Thiès | C115: NGUEKHOKH | D115: DRC | E115: 2456 | F115: 0 | G115: =F115/E115 -> 0 | H115: 4992 | I115: 398 | J115: =I115/H115 -> 0.079727564 | K115: =(J115-G115)/G115 -> #DIV/0! | L115: =J115-G115 -> 0.079727564 | M115: =IF(L115="","➡️ Stable",IF(L115>0.005,"⬆️ En hausse",IF(L115<-0.005,"⬇️ En baisse","➡️ Stable"))) -> ⬆️ En hausse | N115: =IF(L115>0.005,"🟢 Progression",IF(L115<-0.005,"🔴 Régression","🟡 Stable")) -> 🟢 Progression | O115: =I115-F115 -> 398 | P115: =H115-I115 -> 4594 | Q115: =IF(J115="","N/A",IF(J115>=0.7,"🟢 Excellent (≥70%)",IF(J115>=0.55,"🟡 Correct (55-70%)",IF(J115>=0.4,"🟠 Faible (40-55%)","🔴 Critique (<40%)")))) -> 🔴 Critique (<40%)

Sheet Données chiffrées par plaque
A1: PLAQUE | B1: Zone DR | C1: EQL PLAQUES | D1: Total FO occupées | E1: TAUX D'OCCUPATION | F1: Total PBO déployé | G1: Total_PBO saturé | H1: Taux de PBO saturé | I1: Statut PBO saturé | J1: Date ouverture | K1: ZONES | L1: Commune | M1: Arrondissement | N1: Département | O1: Région | P1: Âge plaque (mois) | Q1: Tranche ancienneté
A2: O_MED_A03 | B2: DR1 | C2: 1736 | D2: 614 | E2: 0.35368664 | F2: 154 | G2: 54 | H2: 0.3506 | I2: =IF(H2="","N/A", IF(H2>=80%,"🔴 Saturé (≥80%)", IF(H2>=40%,"🟡 Attention (40-80%)", "🟢 Non saturé (<40%)" ) ) ) -> 🟢 Non saturé (<40%) | J2: 43045 | K2: Plateau | L2: Dakar-Plateau | M2: Dakar-Plateau | N2: Dakar | O2: Dakar | P2: =IF(J2="","",ROUND((TODAY()-J2)/30.44,0)) -> 106 | Q2: =IF(P2="","N/A",IF(P2<6,"🆕 < 6 mois",IF(P2<12,"📅 6-12 mois",IF(P2<24,"📆 1-2 ans","🗓️ > 2 ans")))) -> 🗓️ > 2 ans
A3: O_SVD_C10 | B3: DR1 | C3: 3830 | D3: 1764 | E3: 0.46057441 | F3: 335 | G3: 100 | H3: 0.2985 | I3: =IF(H3="","N/A", IF(H3>=80%,"🔴 Saturé (≥80%)", IF(H3>=40%,"🟡 Attention (40-80%)", "🟢 Non saturé (<40%)" ) ) ) -> 🟢 Non saturé (<40%) | J3: 43045 | K3: Keur Gorgui, Sacré Cœur pyrotechnie | L3: Mermoz-Sacré-Cœur | M3: Almadies | N3: Dakar | O3: Dakar | P3: =IF(J3="","",ROUND((TODAY()-J3)/30.44,0)) -> 106 | Q3: =IF(P3="","N/A",IF(P3<6,"🆕 < 6 mois",IF(P3<12,"📅 6-12 mois",IF(P3<24,"📆 1-2 ans","🗓️ > 2 ans")))) -> 🗓️ > 2 ans
A4: O_REP_A04 | B4: DR1 | C4: 268 | D4: 95 | E4: 0.35447761 | F4: 26 | G4: 2 | H4: 0.0769 | I4: =IF(H4="","N/A", IF(H4>=80%,"🔴 Saturé (≥80%)", IF(H4>=40%,"🟡 Attention (40-80%)", "🟢 Non saturé (<40%)" ) ) ) -> 🟢 Non saturé (<40%) | J4: 43045 | K4: Plateau | L4: Dakar-Plateau | M4: Dakar-Plateau | N4: Dakar | O4: Dakar | P4: =IF(J4="","",ROUND((TODAY()-J4)/30.44,0)) -> 106 | Q4: =IF(P4="","N/A",IF(P4<6,"🆕 < 6 mois",IF(P4<12,"📅 6-12 mois",IF(P4<24,"📆 1-2 ans","🗓️ > 2 ans")))) -> 🗓️ > 2 ans
A5: O_REP_B15 | B5: DR1 | C5: 808 | D5: 323 | E5: 0.39975248 | F5: 68 | G5: 10 | H5: 0.1471 | I5: =IF(H5="","N/A", IF(H5>=80%,"🔴 Saturé (≥80%)", IF(H5>=40%,"🟡 Attention (40-80%)", "🟢 Non saturé (<40%)" ) ) ) -> 🟢 Non saturé (<40%) | J5: 43046 | K5: Plateau | L5: Dakar-Plateau | M5: Dakar-Plateau | N5: Dakar | O5: Dakar | P5: =IF(J5="","",ROUND((TODAY()-J5)/30.44,0)) -> 106 | Q5: =IF(P5="","N/A",IF(P5<6,"🆕 < 6 mois",IF(P5<12,"📅 6-12 mois",IF(P5<24,"📆 1-2 ans","🗓️ > 2 ans")))) -> 🗓️ > 2 ans
A6: O_REP_A11 | B6: DR1 | C6: 666 | D6: 243 | E6: 0.36486486 | F6: 46 | G6: 5 | H6: 0.1087 | I6: =IF(H6="","N/A", IF(H6>=80%,"🔴 Saturé (≥80%)", IF(H6>=40%,"🟡 Attention (40-80%)", "🟢 Non saturé (<40%)" ) ) ) -> 🟢 Non saturé (<40%) | J6: 43046 | K6: Plateau | L6: Dakar-Plateau | M6: Dakar-Plateau | N6: Dakar | O6: Dakar | P6: =IF(J6="","",ROUND((TODAY()-J6)/30.44,0)) -> 106 | Q6: =IF(P6="","N/A",IF(P6<6,"🆕 < 6 mois",IF(P6<12,"📅 6-12 mois",IF(P6<24,"📆 1-2 ans","🗓️ > 2 ans")))) -> 🗓️ > 2 ans
A7: O_REP_A12 | B7: DR1 | C7: 476 | D7: 162 | E7: 0.34033613 | F7: 30 | G7: 2 | H7: 0.0667 | I7: =IF(H7="","N/A", IF(H7>=80%,"🔴 Saturé (≥80%)", IF(H7>=40%,"🟡 Attention (40-80%)", "🟢 Non saturé (<40%)" ) ) ) -> 🟢 Non saturé (<40%) | J7: 43046 | K7: Plateau | L7: Dakar-Plateau | M7: Dakar-Plateau | N7: Dakar | O7: Dakar | P7: =IF(J7="","",ROUND((TODAY()-J7)/30.44,0)) -> 106 | Q7: =IF(P7="","N/A",IF(P7<6,"🆕 < 6 mois",IF(P7<12,"📅 6-12 mois",IF(P7<24,"📆 1-2 ans","🗓️ > 2 ans")))) -> 🗓️ > 2 ans
A8: O_REP_B17 | B8: DR1 | C8: 760 | D8: 349 | E8: 0.45921053 | F8: 64 | G8: 18 | H8: 0.2812 | I8: =IF(H8="","N/A", IF(H8>=80%,"🔴 Saturé (≥80%)", IF(H8>=40%,"🟡 Attention (40-80%)", "🟢 Non saturé (<40%)" ) ) ) -> 🟢 Non saturé (<40%) | J8: 43053 | K8: Plateau | L8: Dakar-Plateau | M8: Dakar-Plateau | N8: Dakar | O8: Dakar | P8: =IF(J8="","",ROUND((TODAY()-J8)/30.44,0)) -> 106 | Q8: =IF(P8="","N/A",IF(P8<6,"🆕 < 6 mois",IF(P8<12,"📅 6-12 mois",IF(P8<24,"📆 1-2 ans","🗓️ > 2 ans")))) -> 🗓️ > 2 ans
A9: O_REP_A09 | B9: DR1 | C9: 1340 | D9: 597 | E9: 0.44552239 | F9: 134 | G9: 24 | H9: 0.1791 | I9: =IF(H9="","N/A", IF(H9>=80%,"🔴 Saturé (≥80%)", IF(H9>=40%,"🟡 Attention (40-80%)", "🟢 Non saturé (<40%)" ) ) ) -> 🟢 Non saturé (<40%) | J9: 43053 | K9: Plateau | L9: Dakar-Plateau | M9: Dakar-Plateau | N9: Dakar | O9: Dakar | P9: =IF(J9="","",ROUND((TODAY()-J9)/30.44,0)) -> 106 | Q9: =IF(P9="","N/A",IF(P9<6,"🆕 < 6 mois",IF(P9<12,"📅 6-12 mois",IF(P9<24,"📆 1-2 ans","🗓️ > 2 ans")))) -> 🗓️ > 2 ans
A10: O_REP_A05 | B10: DR1 | C10: 850 | D10: 345 | E10: 0.40588235 | F10: 85 | G10: 20 | H10: 0.2353 | I10: =IF(H10="","N/A", IF(H10>=80%,"🔴 Saturé (≥80%)", IF(H10>=40%,"🟡 Attention (40-80%)", "🟢 Non saturé (<40%)" ) ) ) -> 🟢 Non saturé (<40%) | J10: 43059 | K10: Plateau | L10: Dakar-Plateau | M10: Dakar-Plateau | N10: Dakar | O10: Dakar | P10: =IF(J10="","",ROUND((TODAY()-J10)/30.44,0)) -> 106 | Q10: =IF(P10="","N/A",IF(P10<6,"🆕 < 6 mois",IF(P10<12,"📅 6-12 mois",IF(P10<24,"📆 1-2 ans","🗓️ > 2 ans")))) -> 🗓️ > 2 ans
A11: O_REP_A02 | B11: DR1 | C11: 1124 | D11: 564 | E11: 0.50177936 | F11: 118 | G11: 26 | H11: 0.2203 | I11: =IF(H11="","N/A", IF(H11>=80%,"🔴 Saturé (≥80%)", IF(H11>=40%,"🟡 Attention (40-80%)", "🟢 Non saturé (<40%)" ) ) ) -> 🟢 Non saturé (<40%) | J11: 43074 | K11: Plateau | L11: Dakar-Plateau | M11: Dakar-Plateau | N11: Dakar | O11: Dakar | P11: =IF(J11="","",ROUND((TODAY()-J11)/30.44,0)) -> 105 | Q11: =IF(P11="","N/A",IF(P11<6,"🆕 < 6 mois",IF(P11<12,"📅 6-12 mois",IF(P11<24,"📆 1-2 ans","🗓️ > 2 ans")))) -> 🗓️ > 2 ans
A12: O_REP_A08 | B12: DR1 | C12: 1348 | D12: 487 | E12: 0.36127596 | F12: 87 | G12: 15 | H12: 0.1724 | I12: =IF(H12="","N/A", IF(H12>=80%,"🔴 Saturé (≥80%)", IF(H12>=40%,"🟡 Attention (40-80%)", "🟢 Non saturé (<40%)" ) ) ) -> 🟢 Non saturé (<40%) | J12: 43095 | K12: Plateau | L12: Dakar-Plateau | M12: Dakar-Plateau | N12: Dakar | O12: Dakar | P12: =IF(J12="","",ROUND((TODAY()-J12)/30.44,0)) -> 104 | Q12: =IF(P12="","N/A",IF(P12<6,"🆕 < 6 mois",IF(P12<12,"📅 6-12 mois",IF(P12<24,"📆 1-2 ans","🗓️ > 2 ans")))) -> 🗓️ > 2 ans
A13: O_REP_A10 | B13: DR1 | C13: 320 | D13: 71 | E13: 0.221875 | F13: 29 | G13: 3 | H13: 0.1034 | I13: =IF(H13="","N/A", IF(H13>=80%,"🔴 Saturé (≥80%)", IF(H13>=40%,"🟡 Attention (40-80%)", "🟢 Non saturé (<40%)" ) ) ) -> 🟢 Non saturé (<40%) | J13: 43096 | K13: Plateau | L13: Dakar-Plateau | M13: Dakar-Plateau | N13: Dakar | O13: Dakar | P13: =IF(J13="","",ROUND((TODAY()-J13)/30.44,0)) -> 104 | Q13: =IF(P13="","N/A",IF(P13<6,"🆕 < 6 mois",IF(P13<12,"📅 6-12 mois",IF(P13<24,"📆 1-2 ans","🗓️ > 2 ans")))) -> 🗓️ > 2 ans
... A483: O_KMR_L40 | B483: DR2 | C483: 1068 | D483: 684 | E483: 0.64044944 | F483: 178 | G483: 82 | H483: 0.4607 | I483: =IF(H483="","N/A", IF(H483>=80%,"🔴 Saturé (≥80%)", IF(H483>=40%,"🟡 Attention (40-80%)", "🟢 Non saturé (<40%)" ) ) ) -> 🟡 Attention (40-80%) | J483: 44582 | K483: Keur Massar | L483: Keur Massar Nord | M483: Malika | N483: Keur Massar | O483: Dakar | P483: =IF(J483="","",ROUND((TODAY()-J483)/30.44,0)) -> 56 | Q483: =IF(P483="","N/A",IF(P483<6,"🆕 < 6 mois",IF(P483<12,"📅 6-12 mois",IF(P483<24,"📆 1-2 ans","🗓️ > 2 ans")))) -> 🗓️ > 2 ans
A484: O_GDW_M15 | B484: DR2 | C484: 792 | D484: 510 | E484: 0.64393939 | F484: 131 | G484: 62 | H484: 0.4733 | I484: =IF(H484="","N/A", IF(H484>=80%,"🔴 Saturé (≥80%)", IF(H484>=40%,"🟡 Attention (40-80%)", "🟢 Non saturé (<40%)" ) ) ) -> 🟡 Attention (40-80%) | J484: 44591 | K484: 0 | L484: Golf Sud | M484: Guediawaye | N484: Guédiawaye | O484: Dakar | P484: =IF(J484="","",ROUND((TODAY()-J484)/30.44,0)) -> 55 | Q484: =IF(P484="","N/A",IF(P484<6,"🆕 < 6 mois",IF(P484<12,"📅 6-12 mois",IF(P484<24,"📆 1-2 ans","🗓️ > 2 ans")))) -> 🗓️ > 2 ans
A485: O_THS_A10 | B485: DRC | C485: 1430 | D485: 833 | E485: 0.58251748 | F485: 238 | G485: 108 | H485: 0.4538 | I485: =IF(H485="","N/A", IF(H485>=80%,"🔴 Saturé (≥80%)", IF(H485>=40%,"🟡 Attention (40-80%)", "🟢 Non saturé (<40%)" ) ) ) -> 🟡 Attention (40-80%) | J485: 44591 | K485: Thies Nguinth | L485: Thiès Nord | M485: Thies Nord | N485: Thiès | O485: Thiès | P485: =IF(J485="","",ROUND((TODAY()-J485)/30.44,0)) -> 55 | Q485: =IF(P485="","N/A",IF(P485<6,"🆕 < 6 mois",IF(P485<12,"📅 6-12 mois",IF(P485<24,"📆 1-2 ans","🗓️ > 2 ans")))) -> 🗓️ > 2 ans
A486: O_TIV_A07 | B486: DRC | C486: 452 | D486: 271 | E486: 0.59955752 | F486: 75 | G486: 40 | H486: 0.5333 | I486: =IF(H486="","N/A", IF(H486>=80%,"🔴 Saturé (≥80%)", IF(H486>=40%,"🟡 Attention (40-80%)", "🟢 Non saturé (<40%)" ) ) ) -> 🟡 Attention (40-80%) | J486: 44591 | K486: Quartier derriere EDK | L486: Tivaouane | M486: Pambal | N486: Tivaouane | O486: Thiès | P486: =IF(J486="","",ROUND((TODAY()-J486)/30.44,0)) -> 55 | Q486: =IF(P486="","N/A",IF(P486<6,"🆕 < 6 mois",IF(P486<12,"📅 6-12 mois",IF(P486<24,"📆 1-2 ans","🗓️ > 2 ans")))) -> 🗓️ > 2 ans
A487: O_THS_A09 | B487: DRC | C487: 590 | D487: 443 | E487: 0.75084746 | F487: 98 | G487: 67 | H487: 0.6837 | I487: =IF(H487="","N/A", IF(H487>=80%,"🔴 Saturé (≥80%)", IF(H487>=40%,"🟡 Attention (40-80%)", "🟢 Non saturé (<40%)" ) ) ) -> 🟡 Attention (40-80%) | J487: 44591 | K487: Fahu | L487: Fandène | M487: Keur Moussa | N487: Thiès | O487: Thiès | P487: =IF(J487="","",ROUND((TODAY()-J487)/30.44,0)) -> 55 | Q487: =IF(P487="","N/A",IF(P487<6,"🆕 < 6 mois",IF(P487<12,"📅 6-12 mois",IF(P487<24,"📆 1-2 ans","🗓️ > 2 ans")))) -> 🗓️ > 2 ans
A488: O_KLK_A19 | B488: DRE | C488: 984 | D488: 545 | E488: 0.55386179 | F488: 164 | G488: 51 | H488: 0.311 | I488: =IF(H488="","N/A", IF(H488>=80%,"🔴 Saturé (≥80%)", IF(H488>=40%,"🟡 Attention (40-80%)", "🟢 Non saturé (<40%)" ) ) ) -> 🟢 Non saturé (<40%) | J488: 44591 | K488: Kahone | L488: Kahone | M488: Kahone | N488: Kaolack | O488: Kaolack | P488: =IF(J488="","",ROUND((TODAY()-J488)/30.44,0)) -> 55 | Q488: =IF(P488="","N/A",IF(P488<6,"🆕 < 6 mois",IF(P488<12,"📅 6-12 mois",IF(P488<24,"📆 1-2 ans","🗓️ > 2 ans")))) -> 🗓️ > 2 ans
A489: O_THS_A31 | B489: DRC | C489: 852 | D489: 556 | E489: 0.65258216 | F489: 142 | G489: 62 | H489: 0.4366 | I489: =IF(H489="","N/A", IF(H489>=80%,"🔴 Saturé (≥80%)", IF(H489>=40%,"🟡 Attention (40-80%)", "🟢 Non saturé (<40%)" ) ) ) -> 🟡 Attention (40-80%) | J489: 44591 | K489: Thies Nguinth | L489: Thiès Nord | M489: Thies Nord | N489: Thiès | O489: Thiès | P489: =IF(J489="","",ROUND((TODAY()-J489)/30.44,0)) -> 55 | Q489: =IF(P489="","N/A",IF(P489<6,"🆕 < 6 mois",IF(P489<12,"📅 6-12 mois",IF(P489<24,"📆 1-2 ans","🗓️ > 2 ans")))) -> 🗓️ > 2 ans
A490: O_DKH_A00 | B490: DRT | C490: 528 | D490: 400 | E490: 0.75757576 | F490: 66 | G490: 41 | H490: 0.6212 | I490: =IF(H490="","N/A", IF(H490>=80%,"🔴 Saturé (≥80%)", IF(H490>=40%,"🟡 Attention (40-80%)", "🟢 Non saturé (<40%)" ) ) ) -> 🟡 Attention (40-80%) | J490: 44622 | K490: Darou Khoudoss 1, Touba Alie 1 | L490: Touba Mosquée | M490: Ndame | N490: Mbacké | O490: Diourbel | P490: =IF(J490="","",ROUND((TODAY()-J490)/30.44,0)) -> 54 | Q490: =IF(P490="","N/A",IF(P490<6,"🆕 < 6 mois",IF(P490<12,"📅 6-12 mois",IF(P490<24,"📆 1-2 ans","🗓️ > 2 ans")))) -> 🗓️ > 2 ans
A491: O_DKH_A15 | B491: DRT | C491: 512 | D491: 339 | E491: 0.66210938 | F491: 64 | G491: 22 | H491: 0.3438 | I491: =IF(H491="","N/A", IF(H491>=80%,"🔴 Saturé (≥80%)", IF(H491>=40%,"🟡 Attention (40-80%)", "🟢 Non saturé (<40%)" ) ) ) -> 🟢 Non saturé (<40%) | J491: 44622 | K491: Darou Khoudoss 5 | L491: Touba Mosquée | M491: Ndame | N491: Mbacké | O491: Diourbel | P491: =IF(J491="","",ROUND((TODAY()-J491)/30.44,0)) -> 54 | Q491: =IF(P491="","N/A",IF(P491<6,"🆕 < 6 mois",IF(P491<12,"📅 6-12 mois",IF(P491<24,"📆 1-2 ans","🗓️ > 2 ans")))) -> 🗓️ > 2 ans
A492: O_TIA_E27 | B492: DR2 | C492: 488 | D492: 379 | E492: 0.77663934 | F492: 61 | G492: 42 | H492: 0.6885 | I492: =IF(H492="","N/A", IF(H492>=80%,"🔴 Saturé (≥80%)", IF(H492>=40%,"🟡 Attention (40-80%)", "🟢 Non saturé (<40%)" ) ) ) -> 🟡 Attention (40-80%) | J492: 44662 | K492: Thiaroye,Sam-Sam4 | L492: Diamaguène-Sicap Mbao | M492: Ville de Pikine | N492: Pikine | O492: Dakar | P492: =IF(J492="","",ROUND((TODAY()-J492)/30.44,0)) -> 53 | Q492: =IF(P492="","N/A",IF(P492<6,"🆕 < 6 mois",IF(P492<12,"📅 6-12 mois",IF(P492<24,"📆 1-2 ans","🗓️ > 2 ans")))) -> 🗓️ > 2 ans
A493: O_KMR_L45 | B493: DR2 | C493: 752 | D493: 564 | E493: 0.75 | F493: 94 | G493: 62 | H493: 0.6596 | I493: =IF(H493="","N/A", IF(H493>=80%,"🔴 Saturé (≥80%)", IF(H493>=40%,"🟡 Attention (40-80%)", "🟢 Non saturé (<40%)" ) ) ) -> 🟡 Attention (40-80%) | J493: 44671 | K493: Keur Massar, Unité 4 | L493: Keur Massar Nord | M493: Malika | N493: Keur Massar | O493: Dakar | P493: =IF(J493="","",ROUND((TODAY()-J493)/30.44,0)) -> 53 | Q493: =IF(P493="","N/A",IF(P493<6,"🆕 < 6 mois",IF(P493<12,"📅 6-12 mois",IF(P493<24,"📆 1-2 ans","🗓️ > 2 ans")))) -> 🗓️ > 2 ans
A494: O_MBR_A06 | B494: DRC | C494: 720 | D494: 512 | E494: 0.71111111 | F494: 90 | G494: 48 | H494: 0.5333 | I494: =IF(H494="","N/A", IF(H494>=80%,"🔴 Saturé (≥80%)", IF(H494>=40%,"🟡 Attention (40-80%)", "🟢 Non saturé (<40%)" ) ) ) -> 🟡 Attention (40-80%) | J494: 44671 | K494: Mbour FH, Warang_Soce | L494: Malicounda | M494: Sindia | N494: Mbour | O494: Thiès | P494: =IF(J494="","",ROUND((TODAY()-J494)/30.44,0)) -> 53 | Q494: =IF(P494="","N/A",IF(P494<6,"🆕 < 6 mois",IF(P494<12,"📅 6-12 mois",IF(P494<24,"📆 1-2 ans","🗓️ > 2 ans")))) -> 🗓️ > 2 ans
A495: O_DKH_A17 | B495: DRT | C495: 456 | D495: 319 | E495: 0.6995614 | F495: 57 | G495: 26 | H495: 0.4561 | I495: =IF(H495="","N/A", IF(H495>=80%,"🔴 Saturé (≥80%)", IF(H495>=40%,"🟡 Attention (40-80%)", "🟢 Non saturé (<40%)" ) ) ) -> 🟡 Attention (40-80%) | J495: 44672 | K495: Touba Guédé | L495: Touba Mosquée | M495: Ndame | N495: Mbacké | O495: Diourbel | P495: =IF(J495="","",ROUND((TODAY()-J495)/30.44,0)) -> 53 | Q495: =IF(P495="","N/A",IF(P495<6,"🆕 < 6 mois",IF(P495<12,"📅 6-12 mois",IF(P495<24,"📆 1-2 ans","🗓️ > 2 ans")))) -> 🗓️ > 2 ans
A496: O_DKH_A16 | B496: DRT | C496: 440 | D496: 314 | E496: 0.71363636 | F496: 55 | G496: 20 | H496: 0.3636 | I496: =IF(H496="","N/A", IF(H496>=80%,"🔴 Saturé (≥80%)", IF(H496>=40%,"🟡 Attention (40-80%)", "🟢 Non saturé (<40%)" ) ) ) -> 🟢 Non saturé (<40%) | J496: 44672 | K496: Darou Khoudoss 1, Touba Alie 1 | L496: Touba Mosquée | M496: Ndame | N496: Mbacké | O496: Diourbel | P496: =IF(J496="","",ROUND((TODAY()-J496)/30.44,0)) -> 53 | Q496: =IF(P496="","N/A",IF(P496<6,"🆕 < 6 mois",IF(P496<12,"📅 6-12 mois",IF(P496<24,"📆 1-2 ans","🗓️ > 2 ans")))) -> 🗓️ > 2 ans
... A534: O_KMR_L05 | B534: DR2 | C534: 624 | D534: 512 | E534: 0.82051282 | F534: 78 | G534: 50 | H534: 0.641 | I534: =IF(H534="","N/A", IF(H534>=80%,"🔴 Saturé (≥80%)", IF(H534>=40%,"🟡 Attention (40-80%)", "🟢 Non saturé (<40%)" ) ) ) -> 🟡 Attention (40-80%) | J534: 44728 | K534: Malika | L534: Yeumbeul Nord | M534: Yeumbeul | N534: Keur Massar | O534: Dakar | P534: =IF(J534="","",ROUND((TODAY()-J534)/30.44,0)) -> 51 | Q534: =IF(P534="","N/A",IF(P534<6,"🆕 < 6 mois",IF(P534<12,"📅 6-12 mois",IF(P534<24,"📆 1-2 ans","🗓️ > 2 ans")))) -> 🗓️ > 2 ans
A535: O_GDW_M16 | B535: DR2 | C535: 600 | D535: 421 | E535: 0.70166667 | F535: 75 | G535: 38 | H535: 0.5067 | I535: =IF(H535="","N/A", IF(H535>=80%,"🔴 Saturé (≥80%)", IF(H535>=40%,"🟡 Attention (40-80%)", "🟢 Non saturé (<40%)" ) ) ) -> 🟡 Attention (40-80%) | J535: 44734 | K535: 0 | L535: Golf Sud | M535: Guediawaye | N535: Guédiawaye | O535: Dakar | P535: =IF(J535="","",ROUND((TODAY()-J535)/30.44,0)) -> 51 | Q535: =IF(P535="","N/A",IF(P535<6,"🆕 < 6 mois",IF(P535<12,"📅 6-12 mois",IF(P535<24,"📆 1-2 ans","🗓️ > 2 ans")))) -> 🗓️ > 2 ans
A536: O_GMB_B27 | B536: DRC | C536: 776 | D536: 430 | E536: 0.55412371 | F536: 97 | G536: 27 | H536: 0.2784 | I536: =IF(H536="","N/A", IF(H536>=80%,"🔴 Saturé (≥80%)", IF(H536>=40%,"🟡 Attention (40-80%)", "🟢 Non saturé (<40%)" ) ) ) -> 🟢 Non saturé (<40%) | J536: 44734 | K536: 0 | L536: Saly Portudal | M536: Sindia | N536: Mbour | O536: Thiès | P536: =IF(J536="","",ROUND((TODAY()-J536)/30.44,0)) -> 51 | Q536: =IF(P536="","N/A",IF(P536<6,"🆕 < 6 mois",IF(P536<12,"📅 6-12 mois",IF(P536<24,"📆 1-2 ans","🗓️ > 2 ans")))) -> 🗓️ > 2 ans
A537: O_GMB_B17 | B537: DRC | C537: 704 | D537: 478 | E537: 0.67897727 | F537: 88 | G537: 37 | H537: 0.4205 | I537: =IF(H537="","N/A", IF(H537>=80%,"🔴 Saturé (≥80%)", IF(H537>=40%,"🟡 Attention (40-80%)", "🟢 Non saturé (<40%)" ) ) ) -> 🟡 Attention (40-80%) | J537: 44734 | K537: 0 | L537: M'bour | M537: Sindia | N537: Mbour | O537: Thiès | P537: =IF(J537="","",ROUND((TODAY()-J537)/30.44,0)) -> 51 | Q537: =IF(P537="","N/A",IF(P537<6,"🆕 < 6 mois",IF(P537<12,"📅 6-12 mois",IF(P537<24,"📆 1-2 ans","🗓️ > 2 ans")))) -> 🗓️ > 2 ans
A538: O_CAM_H17 | B538: DR2 | C538: 600 | D538: 500 | E538: 0.83333333 | F538: 75 | G538: 53 | H538: 0.7067 | I538: =IF(H538="","N/A", IF(H538>=80%,"🔴 Saturé (≥80%)", IF(H538>=40%,"🟡 Attention (40-80%)", "🟢 Non saturé (<40%)" ) ) ) -> 🟡 Attention (40-80%) | J538: 44739 | K538: Camberene | L538: Cambérène | M538: Parcelles Assainies | N538: Dakar | O538: Dakar | P538: =IF(J538="","",ROUND((TODAY()-J538)/30.44,0)) -> 50 | Q538: =IF(P538="","N/A",IF(P538<6,"🆕 < 6 mois",IF(P538<12,"📅 6-12 mois",IF(P538<24,"📆 1-2 ans","🗓️ > 2 ans")))) -> 🗓️ > 2 ans
A539: O_CAM_H51 | B539: DR2 | C539: 672 | D539: 529 | E539: 0.78720238 | F539: 84 | G539: 50 | H539: 0.5952 | I539: =IF(H539="","N/A", IF(H539>=80%,"🔴 Saturé (≥80%)", IF(H539>=40%,"🟡 Attention (40-80%)", "🟢 Non saturé (<40%)" ) ) ) -> 🟡 Attention (40-80%) | J539: 44739 | K539: Camberene | L539: Golf Sud | M539: Guediawaye | N539: Guédiawaye | O539: Dakar | P539: =IF(J539="","",ROUND((TODAY()-J539)/30.44,0)) -> 50 | Q539: =IF(P539="","N/A",IF(P539<6,"🆕 < 6 mois",IF(P539<12,"📅 6-12 mois",IF(P539<24,"📆 1-2 ans","🗓️ > 2 ans")))) -> 🗓️ > 2 ans
A540: O_GMB_B33 | B540: DRC | C540: 680 | D540: 342 | E540: 0.50294118 | F540: 85 | G540: 26 | H540: 0.3059 | I540: =IF(H540="","N/A", IF(H540>=80%,"🔴 Saturé (≥80%)", IF(H540>=40%,"🟡 Attention (40-80%)", "🟢 Non saturé (<40%)" ) ) ) -> 🟢 Non saturé (<40%) | J540: 44739 | K540: Saly Aérodrome | L540: Saly Portudal | M540: Sindia | N540: Mbour | O540: Thiès | P540: =IF(J540="","",ROUND((TODAY()-J540)/30.44,0)) -> 50 | Q540: =IF(P540="","N/A",IF(P540<6,"🆕 < 6 mois",IF(P540<12,"📅 6-12 mois",IF(P540<24,"📆 1-2 ans","🗓️ > 2 ans")))) -> 🗓️ > 2 ans
A541: O_GMB_B25 | B541: DRC | C541: 808 | D541: 517 | E541: 0.63985149 | F541: 101 | G541: 27 | H541: 0.2673 | I541: =IF(H541="","N/A", IF(H541>=80%,"🔴 Saturé (≥80%)", IF(H541>=40%,"🟡 Attention (40-80%)", "🟢 Non saturé (<40%)" ) ) ) -> 🟢 Non saturé (<40%) | J541: 44742 | K541: Grand Mbour | L541: M'bour | M541: Sindia | N541: Mbour | O541: Thiès | P541: =IF(J541="","",ROUND((TODAY()-J541)/30.44,0)) -> 50 | Q541: =IF(P541="","N/A",IF(P541<6,"🆕 < 6 mois",IF(P541<12,"📅 6-12 mois",IF(P541<24,"📆 1-2 ans","🗓️ > 2 ans")))) -> 🗓️ > 2 ans
A542: O_CAM_H57 | B542: DR2 | C542: 392 | D542: 335 | E542: 0.85459184 | F542: 49 | G542: 31 | H542: 0.6327 | I542: =IF(H542="","N/A", IF(H542>=80%,"🔴 Saturé (≥80%)", IF(H542>=40%,"🟡 Attention (40-80%)", "🟢 Non saturé (<40%)" ) ) ) -> 🟡 Attention (40-80%) | J542: 44746 | K542: Parcelle Unité 13 | L542: Parcelles Assainies | M542: Parcelles Assainies | N542: Dakar | O542: Dakar | P542: =IF(J542="","",ROUND((TODAY()-J542)/30.44,0)) -> 50 | Q542: =IF(P542="","N/A",IF(P542<6,"🆕 < 6 mois",IF(P542<12,"📅 6-12 mois",IF(P542<24,"📆 1-2 ans","🗓️ > 2 ans")))) -> 🗓️ > 2 ans
A543: O_CAM_H37 | B543: DR2 | C543: 704 | D543: 558 | E543: 0.79261364 | F543: 88 | G543: 55 | H543: 0.625 | I543: =IF(H543="","N/A", IF(H543>=80%,"🔴 Saturé (≥80%)", IF(H543>=40%,"🟡 Attention (40-80%)", "🟢 Non saturé (<40%)" ) ) ) -> 🟡 Attention (40-80%) | J543: 44746 | K543: Grand Médine | L543: Parcelles Assainies | M543: Parcelles Assainies | N543: Dakar | O543: Dakar | P543: =IF(J543="","",ROUND((TODAY()-J543)/30.44,0)) -> 50 | Q543: =IF(P543="","N/A",IF(P543<6,"🆕 < 6 mois",IF(P543<12,"📅 6-12 mois",IF(P543<24,"📆 1-2 ans","🗓️ > 2 ans")))) -> 🗓️ > 2 ans
A544: O_CAM_H58 | B544: DR2 | C544: 440 | D544: 344 | E544: 0.78181818 | F544: 55 | G544: 32 | H544: 0.5818 | I544: =IF(H544="","N/A", IF(H544>=80%,"🔴 Saturé (≥80%)", IF(H544>=40%,"🟡 Attention (40-80%)", "🟢 Non saturé (<40%)" ) ) ) -> 🟡 Attention (40-80%) | J544: 44746 | K544: Parcelle Unité 13 | L544: Parcelles Assainies | M544: Parcelles Assainies | N544: Dakar | O544: Dakar | P544: =IF(J544="","",ROUND((TODAY()-J544)/30.44,0)) -> 50 | Q544: =IF(P544="","N/A",IF(P544<6,"🆕 < 6 mois",IF(P544<12,"📅 6-12 mois",IF(P544<24,"📆 1-2 ans","🗓️ > 2 ans")))) -> 🗓️ > 2 ans
A545: O_MBW_R30 | B545: DR2 | C545: 688 | D545: 571 | E545: 0.82994186 | F545: 86 | G545: 66 | H545: 0.7674 | I545: =IF(H545="","N/A", IF(H545>=80%,"🔴 Saturé (≥80%)", IF(H545>=40%,"🟡 Attention (40-80%)", "🟢 Non saturé (<40%)" ) ) ) -> 🟡 Attention (40-80%) | J545: 44748 | K545: Zac Mbao | L545: Rufisque Ouest | M545: Rufisque | N545: Rufisque | O545: Dakar | P545: =IF(J545="","",ROUND((TODAY()-J545)/30.44,0)) -> 50 | Q545: =IF(P545="","N/A",IF(P545<6,"🆕 < 6 mois",IF(P545<12,"📅 6-12 mois",IF(P545<24,"📆 1-2 ans","🗓️ > 2 ans")))) -> 🗓️ > 2 ans
A546: O_MBW_R19 | B546: DR2 | C546: 512 | D546: 440 | E546: 0.859375 | F546: 64 | G546: 50 | H546: 0.7812 | I546: =IF(H546="","N/A", IF(H546>=80%,"🔴 Saturé (≥80%)", IF(H546>=40%,"🟡 Attention (40-80%)", "🟢 Non saturé (<40%)" ) ) ) -> 🟡 Attention (40-80%) | J546: 44748 | K546: Zac Mbao | L546: Rufisque Ouest | M546: Rufisque | N546: Rufisque | O546: Dakar | P546: =IF(J546="","",ROUND((TODAY()-J546)/30.44,0)) -> 50 | Q546: =IF(P546="","N/A",IF(P546<6,"🆕 < 6 mois",IF(P546<12,"📅 6-12 mois",IF(P546<24,"📆 1-2 ans","🗓️ > 2 ans")))) -> 🗓️ > 2 ans
A547: O_TIA_E18 | B547: DR2 | C547: 840 | D547: 659 | E547: 0.78452381 | F547: 105 | G547: 53 | H547: 0.5048 | I547: =IF(H547="","N/A", IF(H547>=80%,"🔴 Saturé (≥80%)", IF(H547>=40%,"🟡 Attention (40-80%)", "🟢 Non saturé (<40%)" ) ) ) -> 🟡 Attention (40-80%) | J547: 44748 | K547: Thiaroye | L547: Djidah Thiaroye Kaw | M547: Ville de Pikine | N547: Pikine | O547: Dakar | P547: =IF(J547="","",ROUND((TODAY()-J547)/30.44,0)) -> 50 | Q547: =IF(P547="","N/A",IF(P547<6,"🆕 < 6 mois",IF(P547<12,"📅 6-12 mois",IF(P547<24,"📆 1-2 ans","🗓️ > 2 ans")))) -> 🗓️ > 2 ans
A548: O_MBW_R37 | B548: DR2 | C548: 312 | D548: 254 | E548: 0.81410256 | F548: 39 | G548: 27 | H548: 0.6923 | I548: =IF(H548="","N/A", IF(H548>=80%,"🔴 Saturé (≥80%)", IF(H548>=40%,"🟡 Attention (40-80%)", "🟢 Non saturé (<40%)" ) ) ) -> 🟡 Attention (40-80%) | J548: 44748 | K548: Zac Mbao | L548: Rufisque Ouest | M548: Rufisque | N548: Rufisque | O548: Dakar | P548: =IF(J548="","",ROUND((TODAY()-J548)/30.44,0)) -> 50 | Q548: =IF(P548="","N/A",IF(P548<6,"🆕 < 6 mois",IF(P548<12,"📅 6-12 mois",IF(P548<24,"📆 1-2 ans","🗓️ > 2 ans")))) -> 🗓️ > 2 ans
A549: O_GDW_M01 | B549: DR2 | C549: 408 | D549: 305 | E549: 0.74754902 | F549: 51 | G549: 28 | H549: 0.549 | I549: =IF(H549="","N/A", IF(H549>=80%,"🔴 Saturé (≥80%)", IF(H549>=40%,"🟡 Attention (40-80%)", "🟢 Non saturé (<40%)" ) ) ) -> 🟡 Attention (40-80%) | J549: 44755 | K549: Golf nord, HLM Paris, Pikine | L549: Sam Notaire | M549: Guediawaye | N549: Guédiawaye | O549: Dakar | P549: =IF(J549="","",ROUND((TODAY()-J549)/30.44,0)) -> 50 | Q549: =IF(P549="","N/A",IF(P549<6,"🆕 < 6 mois",IF(P549<12,"📅 6-12 mois",IF(P549<24,"📆 1-2 ans","🗓️ > 2 ans")))) -> 🗓️ > 2 ans
... A935: O_MBO_A04 | B935: DRC | C935: 744 | D935: 414 | E935: 0.55645161 | F935: 124 | G935: 43 | H935: 0.3468 | I935: =IF(H935="","N/A", IF(H935>=80%,"🔴 Saturé (≥80%)", IF(H935>=40%,"🟡 Attention (40-80%)", "🟢 Non saturé (<40%)" ) ) ) -> 🟢 Non saturé (<40%) | J935: 45852 | K935: Mboro, cité Serigne MANSOUR | L935: Mboro | M935: Méouane | N935: Tivaouane | O935: Thiès | P935: =IF(J935="","",ROUND((TODAY()-J935)/30.44,0)) -> 14 | Q935: =IF(P935="","N/A",IF(P935<6,"🆕 < 6 mois",IF(P935<12,"📅 6-12 mois",IF(P935<24,"📆 1-2 ans","🗓️ > 2 ans")))) -> 📆 1-2 ans
A936: O_VEL_A00 | B936: DRS | C936: 1088 | D936: 574 | E936: 0.52757353 | F936: 136 | G936: 25 | H936: 0.1838 | I936: =IF(H936="","N/A", IF(H936>=80%,"🔴 Saturé (≥80%)", IF(H936>=40%,"🟡 Attention (40-80%)", "🟢 Non saturé (<40%)" ) ) ) -> 🟢 Non saturé (<40%) | J936: 45855 | K936: SINTHIANG HOULATA, HLM | L936: Vélingara Kolda | N936: Vélingara | O936: Kolda | P936: =IF(J936="","",ROUND((TODAY()-J936)/30.44,0)) -> 14 | Q936: =IF(P936="","N/A",IF(P936<6,"🆕 < 6 mois",IF(P936<12,"📅 6-12 mois",IF(P936<24,"📆 1-2 ans","🗓️ > 2 ans")))) -> 📆 1-2 ans
A937: O_NDA_C10 | B937: DRT | C937: 888 | D937: 571 | E937: 0.64301802 | F937: 111 | G937: 39 | H937: 0.3514 | I937: =IF(H937="","N/A", IF(H937>=80%,"🔴 Saturé (≥80%)", IF(H937>=40%,"🟡 Attention (40-80%)", "🟢 Non saturé (<40%)" ) ) ) -> 🟢 Non saturé (<40%) | J937: 45865 | K937: DAROU SALAM | L937: Mbacké | M937: Mbacké | N937: Mbacké | O937: Diourbel | P937: =IF(J937="","",ROUND((TODAY()-J937)/30.44,0)) -> 13 | Q937: =IF(P937="","N/A",IF(P937<6,"🆕 < 6 mois",IF(P937<12,"📅 6-12 mois",IF(P937<24,"📆 1-2 ans","🗓️ > 2 ans")))) -> 📆 1-2 ans
A938: O_NDA_C01 | B938: DRT | C938: 1304 | D938: 633 | E938: 0.48542945 | F938: 163 | G938: 45 | H938: 0.2761 | I938: =IF(H938="","N/A", IF(H938>=80%,"🔴 Saturé (≥80%)", IF(H938>=40%,"🟡 Attention (40-80%)", "🟢 Non saturé (<40%)" ) ) ) -> 🟢 Non saturé (<40%) | J938: 45872 | K938: DAROU SALAM | L938: Mbacké | M938: Ndame | N938: Mbacké | O938: Diourbel | P938: =IF(J938="","",ROUND((TODAY()-J938)/30.44,0)) -> 13 | Q938: =IF(P938="","N/A",IF(P938<6,"🆕 < 6 mois",IF(P938<12,"📅 6-12 mois",IF(P938<24,"📆 1-2 ans","🗓️ > 2 ans")))) -> 📆 1-2 ans
A939: O_SOK_A00 | B939: DRE | C939: 762 | D939: 467 | E939: 0.61286089 | F939: 127 | G939: 59 | H939: 0.4646 | I939: =IF(H939="","N/A", IF(H939>=80%,"🔴 Saturé (≥80%)", IF(H939>=40%,"🟡 Attention (40-80%)", "🟢 Non saturé (<40%)" ) ) ) -> 🟡 Attention (40-80%) | J939: 45877 | K939: NDANGANE, MEDINA, LEONA | L939: Karangue poste | M939: TOUBACOUTA | N939: Foundiougne | O939: Fatick | P939: =IF(J939="","",ROUND((TODAY()-J939)/30.44,0)) -> 13 | Q939: =IF(P939="","N/A",IF(P939<6,"🆕 < 6 mois",IF(P939<12,"📅 6-12 mois",IF(P939<24,"📆 1-2 ans","🗓️ > 2 ans")))) -> 📆 1-2 ans
A940: O_DKH_A05 | B940: DRT | C940: 648 | D940: 406 | E940: 0.62654321 | F940: 81 | G940: 25 | H940: 0.3086 | I940: =IF(H940="","N/A", IF(H940>=80%,"🔴 Saturé (≥80%)", IF(H940>=40%,"🟡 Attention (40-80%)", "🟢 Non saturé (<40%)" ) ) ) -> 🟢 Non saturé (<40%) | J940: 45875 | K940: DAROU KHOUDOSS | L940: Touba Mosquée | M940: Ndame | N940: Mbacké | O940: Diourbel | P940: =IF(J940="","",ROUND((TODAY()-J940)/30.44,0)) -> 13 | Q940: =IF(P940="","N/A",IF(P940<6,"🆕 < 6 mois",IF(P940<12,"📅 6-12 mois",IF(P940<24,"📆 1-2 ans","🗓️ > 2 ans")))) -> 📆 1-2 ans
A941: O_MBO_A05 | B941: DRC | C941: 720 | D941: 489 | E941: 0.67916667 | F941: 120 | G941: 64 | H941: 0.5333 | I941: =IF(H941="","N/A", IF(H941>=80%,"🔴 Saturé (≥80%)", IF(H941>=40%,"🟡 Attention (40-80%)", "🟢 Non saturé (<40%)" ) ) ) -> 🟡 Attention (40-80%) | J941: 45875 | K941: DIAMAGUENE | L941: Mboro | M941: Meouane | N941: Tivaouane | O941: Thiès | P941: =IF(J941="","",ROUND((TODAY()-J941)/30.44,0)) -> 13 | Q941: =IF(P941="","N/A",IF(P941<6,"🆕 < 6 mois",IF(P941<12,"📅 6-12 mois",IF(P941<24,"📆 1-2 ans","🗓️ > 2 ans")))) -> 📆 1-2 ans
A942: O_MAD_B12 | B942: DRT | C942: 472 | D942: 297 | E942: 0.62923729 | F942: 59 | G942: 24 | H942: 0.4068 | I942: =IF(H942="","N/A", IF(H942>=80%,"🔴 Saturé (≥80%)", IF(H942>=40%,"🟡 Attention (40-80%)", "🟢 Non saturé (<40%)" ) ) ) -> 🟡 Attention (40-80%) | J942: 45877 | K942: Darou Khoudoss | L942: Touba Mosquée | M942: Ndame | N942: Mbacké | O942: Diourbel | P942: =IF(J942="","",ROUND((TODAY()-J942)/30.44,0)) -> 13 | Q942: =IF(P942="","N/A",IF(P942<6,"🆕 < 6 mois",IF(P942<12,"📅 6-12 mois",IF(P942<24,"📆 1-2 ans","🗓️ > 2 ans")))) -> 📆 1-2 ans
A943: O_KOU_A00 | B943: DRE | C943: 798 | D943: 483 | E943: 0.60526316 | F943: 133 | G943: 58 | H943: 0.4361 | I943: =IF(H943="","N/A", IF(H943>=80%,"🔴 Saturé (≥80%)", IF(H943>=40%,"🟡 Attention (40-80%)", "🟢 Non saturé (<40%)" ) ) ) -> 🟡 Attention (40-80%) | J943: 45891 | K943: Koungheul | L943: koungheul | M943: IDA MOURIDE | N943: koungheul | O943: Kaffrine | P943: =IF(J943="","",ROUND((TODAY()-J943)/30.44,0)) -> 13 | Q943: =IF(P943="","N/A",IF(P943<6,"🆕 < 6 mois",IF(P943<12,"📅 6-12 mois",IF(P943<24,"📆 1-2 ans","🗓️ > 2 ans")))) -> 📆 1-2 ans
A944: O_NIO_A01 | B944: DRE | C944: 798 | D944: 437 | E944: 0.54761905 | F944: 133 | G944: 41 | H944: 0.3083 | I944: =IF(H944="","N/A", IF(H944>=80%,"🔴 Saturé (≥80%)", IF(H944>=40%,"🟡 Attention (40-80%)", "🟢 Non saturé (<40%)" ) ) ) -> 🟢 Non saturé (<40%) | J944: 45891 | K944: Nioro | L944: Nioro | M944: PAOSKOTO | N944: Nioro | O944: Kaolack | P944: =IF(J944="","",ROUND((TODAY()-J944)/30.44,0)) -> 13 | Q944: =IF(P944="","N/A",IF(P944<6,"🆕 < 6 mois",IF(P944<12,"📅 6-12 mois",IF(P944<24,"📆 1-2 ans","🗓️ > 2 ans")))) -> 📆 1-2 ans
A945: O_TIV_A14 | B945: DRC | C945: 656 | D945: 221 | E945: 0.33689024 | F945: 82 | G945: 8 | H945: 0.0976 | I945: =IF(H945="","N/A", IF(H945>=80%,"🔴 Saturé (≥80%)", IF(H945>=40%,"🟡 Attention (40-80%)", "🟢 Non saturé (<40%)" ) ) ) -> 🟢 Non saturé (<40%) | J945: 45898 | K945: Tiavaoune, Chérif lo | L945: Chérif LO | M945: PAMBAL | N945: TIVAOUANE | O945: Thiès | P945: =IF(J945="","",ROUND((TODAY()-J945)/30.44,0)) -> 12 | Q945: =IF(P945="","N/A",IF(P945<6,"🆕 < 6 mois",IF(P945<12,"📅 6-12 mois",IF(P945<24,"📆 1-2 ans","🗓️ > 2 ans")))) -> 📆 1-2 ans
A946: O_TIV_A15 | B946: DRC | C946: 712 | D946: 207 | E946: 0.29073034 | F946: 89 | G946: 3 | H946: 0.0337 | I946: =IF(H946="","N/A", IF(H946>=80%,"🔴 Saturé (≥80%)", IF(H946>=40%,"🟡 Attention (40-80%)", "🟢 Non saturé (<40%)" ) ) ) -> 🟢 Non saturé (<40%) | J946: 45898 | K946: Tiavaoune | L946: Chérif LO | M946: TIVAOUANE | N946: TIVAOUANE | O946: Thiès | P946: =IF(J946="","",ROUND((TODAY()-J946)/30.44,0)) -> 12 | Q946: =IF(P946="","N/A",IF(P946<6,"🆕 < 6 mois",IF(P946<12,"📅 6-12 mois",IF(P946<24,"📆 1-2 ans","🗓️ > 2 ans")))) -> 📆 1-2 ans
A947: O_TIV_A13 | B947: DRC | C947: 640 | D947: 175 | E947: 0.2734375 | F947: 80 | G947: 5 | H947: 0.0625 | I947: =IF(H947="","N/A", IF(H947>=80%,"🔴 Saturé (≥80%)", IF(H947>=40%,"🟡 Attention (40-80%)", "🟢 Non saturé (<40%)" ) ) ) -> 🟢 Non saturé (<40%) | J947: 45898 | K947: Tiavaoune Chérif lo | L947: Chérif LO | M947: PAMBAL | N947: TIVAOUANE | O947: Thiès | P947: =IF(J947="","",ROUND((TODAY()-J947)/30.44,0)) -> 12 | Q947: =IF(P947="","N/A",IF(P947<6,"🆕 < 6 mois",IF(P947<12,"📅 6-12 mois",IF(P947<24,"📆 1-2 ans","🗓️ > 2 ans")))) -> 📆 1-2 ans
A948: O_KLK_A16 | B948: DRE | C948: 1512 | D948: 932 | E948: 0.61640212 | F948: 189 | G948: 64 | H948: 0.3386 | I948: =IF(H948="","N/A", IF(H948>=80%,"🔴 Saturé (≥80%)", IF(H948>=40%,"🟡 Attention (40-80%)", "🟢 Non saturé (<40%)" ) ) ) -> 🟢 Non saturé (<40%) | J948: 45898 | K948: Kaolack | L948: KAOLACK | M948: NDIEDIENG | N948: KAOLACK | O948: Kaolack | P948: =IF(J948="","",ROUND((TODAY()-J948)/30.44,0)) -> 12 | Q948: =IF(P948="","N/A",IF(P948<6,"🆕 < 6 mois",IF(P948<12,"📅 6-12 mois",IF(P948<24,"📆 1-2 ans","🗓️ > 2 ans")))) -> 📆 1-2 ans
... A1019: O_GMB_C12 | B1019: DRC | C1019: 654 | D1019: 454 | E1019: 0.6941896 | F1019: 109 | G1019: 61 | H1019: 0.5596 | I1019: =IF(H1019="","N/A", IF(H1019>=80%,"🔴 Saturé (≥80%)", IF(H1019>=40%,"🟡 Attention (40-80%)", "🟢 Non saturé (<40%)" ) ) ) -> 🟡 Attention (40-80%) | J1019: 46209 | K1019: Saly Velingara,Gandigal | L1019: Saly Portudal | M1019: SINDIA | N1019: Mbour | O1019: Thiès | P1019: =IF(J1019="","",ROUND((TODAY()-J1019)/30.44,0)) -> 2 | Q1019: =IF(P1019="","N/A",IF(P1019<6,"🆕 < 6 mois",IF(P1019<12,"📅 6-12 mois",IF(P1019<24,"📆 1-2 ans","🗓️ > 2 ans")))) -> 🆕 < 6 mois
A1020: O_GOM_A03 | B1020: DR2 | C1020: 552 | D1020: 353 | E1020: 0.63949275 | F1020: 69 | G1020: 23 | H1020: 0.3333 | I1020: =IF(H1020="","N/A", IF(H1020>=80%,"🔴 Saturé (≥80%)", IF(H1020>=40%,"🟡 Attention (40-80%)", "🟢 Non saturé (<40%)" ) ) ) -> 🟢 Non saturé (<40%) | J1020: 11/0702026 | K1020: DENY BIRAM NDAO | L1020: Diender | M1020: SANGALKAM | N1020: RUFISQUE | O1020: Dakar | P1020: 0 | Q1020: =IF(P1020="","N/A",IF(P1020<6,"🆕 < 6 mois",IF(P1020<12,"📅 6-12 mois",IF(P1020<24,"📆 1-2 ans","🗓️ > 2 ans")))) -> 🆕 < 6 mois
A1021: O_MAD_B08 | B1021: DRT | C1021: 936 | D1021: 473 | E1021: 0.50534188 | F1021: 117 | G1021: 20 | H1021: 0.1709 | I1021: =IF(H1021="","N/A", IF(H1021>=80%,"🔴 Saturé (≥80%)", IF(H1021>=40%,"🟡 Attention (40-80%)", "🟢 Non saturé (<40%)" ) ) ) -> 🟢 Non saturé (<40%) | J1021: 46214 | K1021: Garage darou Mouhti/Centre Nourou Daarayni | L1021: Touba Mosquée | M1021: NDAME | N1021: Mbacké | O1021: Diourbel | P1021: =IF(J1021="","",ROUND((TODAY()-J1021)/30.44,0)) -> 2 | Q1021: =IF(P1021="","N/A",IF(P1021<6,"🆕 < 6 mois",IF(P1021<12,"📅 6-12 mois",IF(P1021<24,"📆 1-2 ans","🗓️ > 2 ans")))) -> 🆕 < 6 mois
A1022: O_TBM_D06 | B1022: DRT | C1022: 712 | D1022: 260 | E1022: 0.36516854 | F1022: 89 | G1022: 6 | H1022: 0.0674 | I1022: =IF(H1022="","N/A", IF(H1022>=80%,"🔴 Saturé (≥80%)", IF(H1022>=40%,"🟡 Attention (40-80%)", "🟢 Non saturé (<40%)" ) ) ) -> 🟢 Non saturé (<40%) | J1022: 46220 | K1022: GARE BOU NDAW | L1022: Touba Mosquée | M1022: Ndame | N1022: Mbacké | O1022: Diourbel | P1022: =IF(J1022="","",ROUND((TODAY()-J1022)/30.44,0)) -> 2 | Q1022: =IF(P1022="","N/A",IF(P1022<6,"🆕 < 6 mois",IF(P1022<12,"📅 6-12 mois",IF(P1022<24,"📆 1-2 ans","🗓️ > 2 ans")))) -> 🆕 < 6 mois
A1023: O_TBM_D11 | B1023: DRT | C1023: 1072 | D1023: 437 | E1023: 0.40764925 | F1023: 134 | G1023: 13 | H1023: 0.097 | I1023: =IF(H1023="","N/A", IF(H1023>=80%,"🔴 Saturé (≥80%)", IF(H1023>=40%,"🟡 Attention (40-80%)", "🟢 Non saturé (<40%)" ) ) ) -> 🟢 Non saturé (<40%) | J1023: 46220 | K1023: DAROU MINAME | L1023: Touba Mosquée | M1023: Ndame | N1023: Mbacké | O1023: Diourbel | P1023: =IF(J1023="","",ROUND((TODAY()-J1023)/30.44,0)) -> 2 | Q1023: =IF(P1023="","N/A",IF(P1023<6,"🆕 < 6 mois",IF(P1023<12,"📅 6-12 mois",IF(P1023<24,"📆 1-2 ans","🗓️ > 2 ans")))) -> 🆕 < 6 mois
A1024: O_TBM_D25 | B1024: DRT | C1024: 624 | D1024: 228 | E1024: 0.36538462 | F1024: 78 | G1024: 5 | H1024: 0.0641 | I1024: =IF(H1024="","N/A", IF(H1024>=80%,"🔴 Saturé (≥80%)", IF(H1024>=40%,"🟡 Attention (40-80%)", "🟢 Non saturé (<40%)" ) ) ) -> 🟢 Non saturé (<40%) | J1024: 46220 | K1024: TOUBA KEUR NIANG | L1024: Touba Mosquée | M1024: Ndame | N1024: Mbacké | O1024: Diourbel | P1024: =IF(J1024="","",ROUND((TODAY()-J1024)/30.44,0)) -> 2 | Q1024: =IF(P1024="","N/A",IF(P1024<6,"🆕 < 6 mois",IF(P1024<12,"📅 6-12 mois",IF(P1024<24,"📆 1-2 ans","🗓️ > 2 ans")))) -> 🆕 < 6 mois
A1025: O_TBM_D12 | B1025: DRT | C1025: 744 | D1025: 362 | E1025: 0.48655914 | F1025: 93 | G1025: 16 | H1025: 0.172 | I1025: =IF(H1025="","N/A", IF(H1025>=80%,"🔴 Saturé (≥80%)", IF(H1025>=40%,"🟡 Attention (40-80%)", "🟢 Non saturé (<40%)" ) ) ) -> 🟢 Non saturé (<40%) | J1025: 46223 | K1025: Khaira | L1025: Touba Mosquée | M1025: Ndame | N1025: Mbacké | O1025: Diourbel | P1025: =IF(J1025="","",ROUND((TODAY()-J1025)/30.44,0)) -> 2 | Q1025: =IF(P1025="","N/A",IF(P1025<6,"🆕 < 6 mois",IF(P1025<12,"📅 6-12 mois",IF(P1025<24,"📆 1-2 ans","🗓️ > 2 ans")))) -> 🆕 < 6 mois
A1026: O_TBM_D03 | B1026: DRT | C1026: 1312 | D1026: 496 | E1026: 0.37804878 | F1026: 164 | G1026: 2 | H1026: 0.0122 | I1026: =IF(H1026="","N/A", IF(H1026>=80%,"🔴 Saturé (≥80%)", IF(H1026>=40%,"🟡 Attention (40-80%)", "🟢 Non saturé (<40%)" ) ) ) -> 🟢 Non saturé (<40%) | J1026: 46223 | K1026: Pencum Palene | L1026: Touba Mosquée | M1026: Ndame | N1026: Mbacké | O1026: Diourbel | P1026: =IF(J1026="","",ROUND((TODAY()-J1026)/30.44,0)) -> 2 | Q1026: =IF(P1026="","N/A",IF(P1026<6,"🆕 < 6 mois",IF(P1026<12,"📅 6-12 mois",IF(P1026<24,"📆 1-2 ans","🗓️ > 2 ans")))) -> 🆕 < 6 mois
A1027: O_TBM_D09 | B1027: DRT | C1027: 992 | D1027: 353 | E1027: 0.35584677 | F1027: 124 | G1027: 17 | H1027: 0.1371 | I1027: =IF(H1027="","N/A", IF(H1027>=80%,"🔴 Saturé (≥80%)", IF(H1027>=40%,"🟡 Attention (40-80%)", "🟢 Non saturé (<40%)" ) ) ) -> 🟢 Non saturé (<40%) | J1027: 46223 | K1027: Touba, marché Ocass | L1027: Touba Mosquée | M1027: Ndame | N1027: Mbacké | O1027: Diourbel | P1027: =IF(J1027="","",ROUND((TODAY()-J1027)/30.44,0)) -> 2 | Q1027: =IF(P1027="","N/A",IF(P1027<6,"🆕 < 6 mois",IF(P1027<12,"📅 6-12 mois",IF(P1027<24,"📆 1-2 ans","🗓️ > 2 ans")))) -> 🆕 < 6 mois
A1028: O_DKH_A09 | B1028: DRT | C1028: 1192 | D1028: 449 | E1028: 0.37667785 | F1028: 149 | G1028: 22 | H1028: 0.1477 | I1028: =IF(H1028="","N/A", IF(H1028>=80%,"🔴 Saturé (≥80%)", IF(H1028>=40%,"🟡 Attention (40-80%)", "🟢 Non saturé (<40%)" ) ) ) -> 🟢 Non saturé (<40%) | J1028: 46223 | K1028: Guede | L1028: Touba Mosquée | M1028: NDAME | N1028: Mbacké | O1028: Diourbel | P1028: =IF(J1028="","",ROUND((TODAY()-J1028)/30.44,0)) -> 2 | Q1028: =IF(P1028="","N/A",IF(P1028<6,"🆕 < 6 mois",IF(P1028<12,"📅 6-12 mois",IF(P1028<24,"📆 1-2 ans","🗓️ > 2 ans")))) -> 🆕 < 6 mois
A1029: O_MAD_B29 | B1029: DRT | C1029: 1320 | D1029: 440 | E1029: 0.33333333 | F1029: 165 | G1029: 13 | H1029: 0.0788 | I1029: =IF(H1029="","N/A", IF(H1029>=80%,"🔴 Saturé (≥80%)", IF(H1029>=40%,"🟡 Attention (40-80%)", "🟢 Non saturé (<40%)" ) ) ) -> 🟢 Non saturé (<40%) | J1029: 46224 | K1029: Niary Baye Fall | L1029: Touba Mosquée | M1029: Ndame | N1029: Mbacké | O1029: Diourbel | P1029: =IF(J1029="","",ROUND((TODAY()-J1029)/30.44,0)) -> 2 | Q1029: =IF(P1029="","N/A",IF(P1029<6,"🆕 < 6 mois",IF(P1029<12,"📅 6-12 mois",IF(P1029<24,"📆 1-2 ans","🗓️ > 2 ans")))) -> 🆕 < 6 mois
A1030: O_TBM_D01 | B1030: DRT | C1030: 1096 | D1030: 319 | E1030: 0.29105839 | F1030: 137 | G1030: 4 | H1030: 0.0292 | I1030: =IF(H1030="","N/A", IF(H1030>=80%,"🔴 Saturé (≥80%)", IF(H1030>=40%,"🟡 Attention (40-80%)", "🟢 Non saturé (<40%)" ) ) ) -> 🟢 Non saturé (<40%) | J1030: 46225 | K1030: Touba Keur Niang | L1030: Touba Mosquée | M1030: Ndame | N1030: Mbacké | O1030: Diourbel | P1030: =IF(J1030="","",ROUND((TODAY()-J1030)/30.44,0)) -> 2 | Q1030: =IF(P1030="","N/A",IF(P1030<6,"🆕 < 6 mois",IF(P1030<12,"📅 6-12 mois",IF(P1030<24,"📆 1-2 ans","🗓️ > 2 ans")))) -> 🆕 < 6 mois
A1031: O_TBM_D24 | B1031: DRT | C1031: 1160 | D1031: 261 | E1031: 0.225 | F1031: 145 | G1031: 2 | H1031: 0.0138 | I1031: =IF(H1031="","N/A", IF(H1031>=80%,"🔴 Saturé (≥80%)", IF(H1031>=40%,"🟡 Attention (40-80%)", "🟢 Non saturé (<40%)" ) ) ) -> 🟢 Non saturé (<40%) | J1031: 46226 | K1031: GARE BOU NDAW | L1031: Touba Mosquée | M1031: Ndame | N1031: Mbacké | O1031: Diourbel | P1031: =IF(J1031="","",ROUND((TODAY()-J1031)/30.44,0)) -> 2 | Q1031: =IF(P1031="","N/A",IF(P1031<6,"🆕 < 6 mois",IF(P1031<12,"📅 6-12 mois",IF(P1031<24,"📆 1-2 ans","🗓️ > 2 ans")))) -> 🆕 < 6 mois
A1032: O_TBM_D04 | B1032: DRT | C1032: 800 | D1032: 310 | E1032: 0.3875 | F1032: 100 | G1032: 7 | H1032: 0.07 | I1032: =IF(H1032="","N/A", IF(H1032>=80%,"🔴 Saturé (≥80%)", IF(H1032>=40%,"🟡 Attention (40-80%)", "🟢 Non saturé (<40%)" ) ) ) -> 🟢 Non saturé (<40%) | J1032: 46230 | K1032: Nguelémou | L1032: Touba Mosquée | M1032: Ndame | N1032: Mbacké | O1032: Diourbel | P1032: =IF(J1032="","",ROUND((TODAY()-J1032)/30.44,0)) -> 1 | Q1032: =IF(P1032="","N/A",IF(P1032<6,"🆕 < 6 mois",IF(P1032<12,"📅 6-12 mois",IF(P1032<24,"📆 1-2 ans","🗓️ > 2 ans")))) -> 🆕 < 6 mois
... A1060: O_NGH_A04 | B1060: DRC | C1060: 1328 | D1060: 3 | E1060: 0.0022590361 | F1060: 166 | G1060: 0 | H1060: 0 | I1060: =IF(H1060="","N/A", IF(H1060>=80%,"🔴 Saturé (≥80%)", IF(H1060>=40%,"🟡 Attention (40-80%)", "🟢 Non saturé (<40%)" ) ) ) -> 🟢 Non saturé (<40%) | J1060: 46272 | K1060: Nguekhokh | L1060: NGUEKHOKH | M1060: MBOUR | N1060: SINDIA | O1060: Thiès | P1060: =IF(J1060="","",ROUND((TODAY()-J1060)/30.44,0)) -> 0 | Q1060: =IF(P1060="","N/A",IF(P1060<6,"🆕 < 6 mois",IF(P1060<12,"📅 6-12 mois",IF(P1060<24,"📆 1-2 ans","🗓️ > 2 ans")))) -> 🆕 < 6 mois

Sheet Taux de pénétration par plaque
A1: PLAQUE | B1: Zone DR | C1: EQL PLAQUES | D1: TAUX D'OCCUPATION | E1: Taux de PBO saturé | F1: Statut occupation | G1: Date ouverture | H1: Date Aujourdhui | I1: Age de la plaque en Mois | J1: ZONES | K1: Commune | L1: Arrondissement | M1: Département | N1: Région
A2: O_MED_A03 | B2: DR1 | C2: 1736 | D2: 0.35368664 | E2: 0.3506 | F2: =IF(D2>=0.9,"🔴 Saturé",IF(D2>=0.6,"🟠 Occupation moyenne","🟢 Disponible")) -> 🟢 Disponible | G2: 43045 | H2: =TODAY() -> 46273 | I2: =DATEDIF(G2,H2,"m") -> 106 | J2: Plateau | K2: Dakar-Plateau | L2: Dakar-Plateau | M2: Dakar | N2: Dakar
A3: O_SVD_C10 | B3: DR1 | C3: 3830 | D3: 0.46057441 | E3: 0.2985 | F3: =IF(D3>=0.9,"🔴 Saturé",IF(D3>=0.6,"🟠 Occupation moyenne","🟢 Disponible")) -> 🟢 Disponible | G3: 43045 | H3: =TODAY() -> 46273 | I3: =DATEDIF(G3,H3,"m") -> 106 | J3: Keur Gorgui, Sacré Cœur pyrotechnie | K3: Mermoz-Sacré-Cœur | L3: Almadies | M3: Dakar | N3: Dakar
A4: O_REP_A04 | B4: DR1 | C4: 268 | D4: 0.35447761 | E4: 0.0769 | F4: =IF(D4>=0.9,"🔴 Saturé",IF(D4>=0.6,"🟠 Occupation moyenne","🟢 Disponible")) -> 🟢 Disponible | G4: 43045 | H4: =TODAY() -> 46273 | I4: =DATEDIF(G4,H4,"m") -> 106 | J4: Plateau | K4: Dakar-Plateau | L4: Dakar-Plateau | M4: Dakar | N4: Dakar
A5: O_REP_B15 | B5: DR1 | C5: 808 | D5: 0.39975248 | E5: 0.1471 | F5: =IF(D5>=0.9,"🔴 Saturé",IF(D5>=0.6,"🟠 Occupation moyenne","🟢 Disponible")) -> 🟢 Disponible | G5: 43046 | H5: =TODAY() -> 46273 | I5: =DATEDIF(G5,H5,"m") -> 106 | J5: Plateau | K5: Dakar-Plateau | L5: Dakar-Plateau | M5: Dakar | N5: Dakar
A6: O_REP_A11 | B6: DR1 | C6: 666 | D6: 0.36486486 | E6: 0.1087 | F6: =IF(D6>=0.9,"🔴 Saturé",IF(D6>=0.6,"🟠 Occupation moyenne","🟢 Disponible")) -> 🟢 Disponible | G6: 43046 | H6: =TODAY() -> 46273 | I6: =DATEDIF(G6,H6,"m") -> 106 | J6: Plateau | K6: Dakar-Plateau | L6: Dakar-Plateau | M6: Dakar | N6: Dakar
A7: O_REP_A12 | B7: DR1 | C7: 476 | D7: 0.34033613 | E7: 0.0667 | F7: =IF(D7>=0.9,"🔴 Saturé",IF(D7>=0.6,"🟠 Occupation moyenne","🟢 Disponible")) -> 🟢 Disponible | G7: 43046 | H7: =TODAY() -> 46273 | I7: =DATEDIF(G7,H7,"m") -> 106 | J7: Plateau | K7: Dakar-Plateau | L7: Dakar-Plateau | M7: Dakar | N7: Dakar
A8: O_REP_B17 | B8: DR1 | C8: 760 | D8: 0.45921053 | E8: 0.2812 | F8: =IF(D8>=0.9,"🔴 Saturé",IF(D8>=0.6,"🟠 Occupation moyenne","🟢 Disponible")) -> 🟢 Disponible | G8: 43053 | H8: =TODAY() -> 46273 | I8: =DATEDIF(G8,H8,"m") -> 105 | J8: Plateau | K8: Dakar-Plateau | L8: Dakar-Plateau | M8: Dakar | N8: Dakar
A9: O_REP_A09 | B9: DR1 | C9: 1340 | D9: 0.44552239 | E9: 0.1791 | F9: =IF(D9>=0.9,"🔴 Saturé",IF(D9>=0.6,"🟠 Occupation moyenne","🟢 Disponible")) -> 🟢 Disponible | G9: 43053 | H9: =TODAY() -> 46273 | I9: =DATEDIF(G9,H9,"m") -> 105 | J9: Plateau | K9: Dakar-Plateau | L9: Dakar-Plateau | M9: Dakar | N9: Dakar
A10: O_REP_A05 | B10: DR1 | C10: 850 | D10: 0.40588235 | E10: 0.2353 | F10: =IF(D10>=0.9,"🔴 Saturé",IF(D10>=0.6,"🟠 Occupation moyenne","🟢 Disponible")) -> 🟢 Disponible | G10: 43059 | H10: =TODAY() -> 46273 | I10: =DATEDIF(G10,H10,"m") -> 105 | J10: Plateau | K10: Dakar-Plateau | L10: Dakar-Plateau | M10: Dakar | N10: Dakar
A11: O_REP_A02 | B11: DR1 | C11: 1124 | D11: 0.50177936 | E11: 0.2203 | F11: =IF(D11>=0.9,"🔴 Saturé",IF(D11>=0.6,"🟠 Occupation moyenne","🟢 Disponible")) -> 🟢 Disponible | G11: 43074 | H11: =TODAY() -> 46273 | I11: =DATEDIF(G11,H11,"m") -> 105 | J11: Plateau | K11: Dakar-Plateau | L11: Dakar-Plateau | M11: Dakar | N11: Dakar
A12: O_REP_A08 | B12: DR1 | C12: 1348 | D12: 0.36127596 | E12: 0.1724 | F12: =IF(D12>=0.9,"🔴 Saturé",IF(D12>=0.6,"🟠 Occupation moyenne","🟢 Disponible")) -> 🟢 Disponible | G12: 43095 | H12: =TODAY() -> 46273 | I12: =DATEDIF(G12,H12,"m") -> 104 | J12: Plateau | K12: Dakar-Plateau | L12: Dakar-Plateau | M12: Dakar | N12: Dakar
A13: O_REP_A10 | B13: DR1 | C13: 320 | D13: 0.221875 | E13: 0.1034 | F13: =IF(D13>=0.9,"🔴 Saturé",IF(D13>=0.6,"🟠 Occupation moyenne","🟢 Disponible")) -> 🟢 Disponible | G13: 43096 | H13: =TODAY() -> 46273 | I13: =DATEDIF(G13,H13,"m") -> 104 | J13: Plateau | K13: Dakar-Plateau | L13: Dakar-Plateau | M13: Dakar | N13: Dakar
... A483: O_KMR_L40 | B483: DR2 | C483: 1068 | D483: 0.64044944 | E483: 0.4607 | F483: =IF(D483>=0.9,"🔴 Saturé",IF(D483>=0.6,"🟠 Occupation moyenne","🟢 Disponible")) -> 🟠 Occupation moyenne | G483: 44582 | H483: =TODAY() -> 46273 | I483: =DATEDIF(G483,H483,"m") -> 55 | J483: Keur Massar | K483: Keur Massar Nord | L483: Malika | M483: Keur Massar | N483: Dakar
A484: O_GDW_M15 | B484: DR2 | C484: 792 | D484: 0.64393939 | E484: 0.4733 | F484: =IF(D484>=0.9,"🔴 Saturé",IF(D484>=0.6,"🟠 Occupation moyenne","🟢 Disponible")) -> 🟠 Occupation moyenne | G484: 44591 | H484: =TODAY() -> 46273 | I484: =DATEDIF(G484,H484,"m") -> 55 | J484: 0 | K484: Golf Sud | L484: Guediawaye | M484: Guédiawaye | N484: Dakar
A485: O_THS_A10 | B485: DRC | C485: 1430 | D485: 0.58251748 | E485: 0.4538 | F485: =IF(D485>=0.9,"🔴 Saturé",IF(D485>=0.6,"🟠 Occupation moyenne","🟢 Disponible")) -> 🟢 Disponible | G485: 44591 | H485: =TODAY() -> 46273 | I485: =DATEDIF(G485,H485,"m") -> 55 | J485: Thies Nguinth | K485: Thiès Nord | L485: Thies Nord | M485: Thiès | N485: Thiès
A486: O_TIV_A07 | B486: DRC | C486: 452 | D486: 0.59955752 | E486: 0.5333 | F486: =IF(D486>=0.9,"🔴 Saturé",IF(D486>=0.6,"🟠 Occupation moyenne","🟢 Disponible")) -> 🟢 Disponible | G486: 44591 | H486: =TODAY() -> 46273 | I486: =DATEDIF(G486,H486,"m") -> 55 | J486: Quartier derriere EDK | K486: Tivaouane | L486: Pambal | M486: Tivaouane | N486: Thiès
A487: O_THS_A09 | B487: DRC | C487: 590 | D487: 0.75084746 | E487: 0.6837 | F487: =IF(D487>=0.9,"🔴 Saturé",IF(D487>=0.6,"🟠 Occupation moyenne","🟢 Disponible")) -> 🟠 Occupation moyenne | G487: 44591 | H487: =TODAY() -> 46273 | I487: =DATEDIF(G487,H487,"m") -> 55 | J487: Fahu | K487: Fandène | L487: Keur Moussa | M487: Thiès | N487: Thiès
A488: O_KLK_A19 | B488: DRE | C488: 984 | D488: 0.55386179 | E488: 0.311 | F488: =IF(D488>=0.9,"🔴 Saturé",IF(D488>=0.6,"🟠 Occupation moyenne","🟢 Disponible")) -> 🟢 Disponible | G488: 44591 | H488: =TODAY() -> 46273 | I488: =DATEDIF(G488,H488,"m") -> 55 | J488: Kahone | K488: Kahone | L488: Kahone | M488: Kaolack | N488: Kaolack
A489: O_THS_A31 | B489: DRC | C489: 852 | D489: 0.65258216 | E489: 0.4366 | F489: =IF(D489>=0.9,"🔴 Saturé",IF(D489>=0.6,"🟠 Occupation moyenne","🟢 Disponible")) -> 🟠 Occupation moyenne | G489: 44591 | H489: =TODAY() -> 46273 | I489: =DATEDIF(G489,H489,"m") -> 55 | J489: Thies Nguinth | K489: Thiès Nord | L489: Thies Nord | M489: Thiès | N489: Thiès
A490: O_DKH_A00 | B490: DRT | C490: 528 | D490: 0.75757576 | E490: 0.6212 | F490: =IF(D490>=0.9,"🔴 Saturé",IF(D490>=0.6,"🟠 Occupation moyenne","🟢 Disponible")) -> 🟠 Occupation moyenne | G490: 44622 | H490: =TODAY() -> 46273 | I490: =DATEDIF(G490,H490,"m") -> 54 | J490: Darou Khoudoss 1, Touba Alie 1 | K490: Touba Mosquée | L490: Ndame | M490: Mbacké | N490: Diourbel
A491: O_DKH_A15 | B491: DRT | C491: 512 | D491: 0.66210938 | E491: 0.3438 | F491: =IF(D491>=0.9,"🔴 Saturé",IF(D491>=0.6,"🟠 Occupation moyenne","🟢 Disponible")) -> 🟠 Occupation moyenne | G491: 44622 | H491: =TODAY() -> 46273 | I491: =DATEDIF(G491,H491,"m") -> 54 | J491: Darou Khoudoss 5 | K491: Touba Mosquée | L491: Ndame | M491: Mbacké | N491: Diourbel
A492: O_TIA_E27 | B492: DR2 | C492: 488 | D492: 0.77663934 | E492: 0.6885 | F492: =IF(D492>=0.9,"🔴 Saturé",IF(D492>=0.6,"🟠 Occupation moyenne","🟢 Disponible")) -> 🟠 Occupation moyenne | G492: 44662 | H492: =TODAY() -> 46273 | I492: =DATEDIF(G492,H492,"m") -> 52 | J492: Thiaroye,Sam-Sam4 | K492: Diamaguène-Sicap Mbao | L492: Ville de Pikine | M492: Pikine | N492: Dakar
A493: O_KMR_L45 | B493: DR2 | C493: 752 | D493: 0.75 | E493: 0.6596 | F493: =IF(D493>=0.9,"🔴 Saturé",IF(D493>=0.6,"🟠 Occupation moyenne","🟢 Disponible")) -> 🟠 Occupation moyenne | G493: 44671 | H493: =TODAY() -> 46273 | I493: =DATEDIF(G493,H493,"m") -> 52 | J493: Keur Massar, Unité 4 | K493: Keur Massar Nord | L493: Malika | M493: Keur Massar | N493: Dakar
A494: O_MBR_A06 | B494: DRC | C494: 720 | D494: 0.71111111 | E494: 0.5333 | F494: =IF(D494>=0.9,"🔴 Saturé",IF(D494>=0.6,"🟠 Occupation moyenne","🟢 Disponible")) -> 🟠 Occupation moyenne | G494: 44671 | H494: =TODAY() -> 46273 | I494: =DATEDIF(G494,H494,"m") -> 52 | J494: Mbour FH, Warang_Soce | K494: Malicounda | L494: Sindia | M494: Mbour | N494: Thiès
A495: O_DKH_A17 | B495: DRT | C495: 456 | D495: 0.6995614 | E495: 0.4561 | F495: =IF(D495>=0.9,"🔴 Saturé",IF(D495>=0.6,"🟠 Occupation moyenne","🟢 Disponible")) -> 🟠 Occupation moyenne | G495: 44672 | H495: =TODAY() -> 46273 | I495: =DATEDIF(G495,H495,"m") -> 52 | J495: Touba Guédé | K495: Touba Mosquée | L495: Ndame | M495: Mbacké | N495: Diourbel
A496: O_DKH_A16 | B496: DRT | C496: 440 | D496: 0.71363636 | E496: 0.3636 | F496: =IF(D496>=0.9,"🔴 Saturé",IF(D496>=0.6,"🟠 Occupation moyenne","🟢 Disponible")) -> 🟠 Occupation moyenne | G496: 44672 | H496: =TODAY() -> 46273 | I496: =DATEDIF(G496,H496,"m") -> 52 | J496: Darou Khoudoss 1, Touba Alie 1 | K496: Touba Mosquée | L496: Ndame | M496: Mbacké | N496: Diourbel
... A534: O_KMR_L05 | B534: DR2 | C534: 624 | D534: 0.82051282 | E534: 0.641 | F534: =IF(D534>=0.9,"🔴 Saturé",IF(D534>=0.6,"🟠 Occupation moyenne","🟢 Disponible")) -> 🟠 Occupation moyenne | G534: 44728 | H534: =TODAY() -> 46273 | I534: =DATEDIF(G534,H534,"m") -> 50 | J534: Malika | K534: Yeumbeul Nord | L534: Yeumbeul | M534: Keur Massar | N534: Dakar
A535: O_GDW_M16 | B535: DR2 | C535: 600 | D535: 0.70166667 | E535: 0.5067 | F535: =IF(D535>=0.9,"🔴 Saturé",IF(D535>=0.6,"🟠 Occupation moyenne","🟢 Disponible")) -> 🟠 Occupation moyenne | G535: 44734 | H535: =TODAY() -> 46273 | I535: =DATEDIF(G535,H535,"m") -> 50 | J535: 0 | K535: Golf Sud | L535: Guediawaye | M535: Guédiawaye | N535: Dakar
A536: O_GMB_B27 | B536: DRC | C536: 776 | D536: 0.55412371 | E536: 0.2784 | F536: =IF(D536>=0.9,"🔴 Saturé",IF(D536>=0.6,"🟠 Occupation moyenne","🟢 Disponible")) -> 🟢 Disponible | G536: 44734 | H536: =TODAY() -> 46273 | I536: =DATEDIF(G536,H536,"m") -> 50 | J536: 0 | K536: Saly Portudal | L536: Sindia | M536: Mbour | N536: Thiès
A537: O_GMB_B17 | B537: DRC | C537: 704 | D537: 0.67897727 | E537: 0.4205 | F537: =IF(D537>=0.9,"🔴 Saturé",IF(D537>=0.6,"🟠 Occupation moyenne","🟢 Disponible")) -> 🟠 Occupation moyenne | G537: 44734 | H537: =TODAY() -> 46273 | I537: =DATEDIF(G537,H537,"m") -> 50 | J537: 0 | K537: M'bour | L537: Sindia | M537: Mbour | N537: Thiès
A538: O_CAM_H17 | B538: DR2 | C538: 600 | D538: 0.83333333 | E538: 0.7067 | F538: =IF(D538>=0.9,"🔴 Saturé",IF(D538>=0.6,"🟠 Occupation moyenne","🟢 Disponible")) -> 🟠 Occupation moyenne | G538: 44739 | H538: =TODAY() -> 46273 | I538: =DATEDIF(G538,H538,"m") -> 50 | J538: Camberene | K538: Cambérène | L538: Parcelles Assainies | M538: Dakar | N538: Dakar
A539: O_CAM_H51 | B539: DR2 | C539: 672 | D539: 0.78720238 | E539: 0.5952 | F539: =IF(D539>=0.9,"🔴 Saturé",IF(D539>=0.6,"🟠 Occupation moyenne","🟢 Disponible")) -> 🟠 Occupation moyenne | G539: 44739 | H539: =TODAY() -> 46273 | I539: =DATEDIF(G539,H539,"m") -> 50 | J539: Camberene | K539: Golf Sud | L539: Guediawaye | M539: Guédiawaye | N539: Dakar
A540: O_GMB_B33 | B540: DRC | C540: 680 | D540: 0.50294118 | E540: 0.3059 | F540: =IF(D540>=0.9,"🔴 Saturé",IF(D540>=0.6,"🟠 Occupation moyenne","🟢 Disponible")) -> 🟢 Disponible | G540: 44739 | H540: =TODAY() -> 46273 | I540: =DATEDIF(G540,H540,"m") -> 50 | J540: Saly Aérodrome | K540: Saly Portudal | L540: Sindia | M540: Mbour | N540: Thiès
A541: O_GMB_B25 | B541: DRC | C541: 808 | D541: 0.63985149 | E541: 0.2673 | F541: =IF(D541>=0.9,"🔴 Saturé",IF(D541>=0.6,"🟠 Occupation moyenne","🟢 Disponible")) -> 🟠 Occupation moyenne | G541: 44742 | H541: =TODAY() -> 46273 | I541: =DATEDIF(G541,H541,"m") -> 50 | J541: Grand Mbour | K541: M'bour | L541: Sindia | M541: Mbour | N541: Thiès
A542: O_CAM_H57 | B542: DR2 | C542: 392 | D542: 0.85459184 | E542: 0.6327 | F542: =IF(D542>=0.9,"🔴 Saturé",IF(D542>=0.6,"🟠 Occupation moyenne","🟢 Disponible")) -> 🟠 Occupation moyenne | G542: 44746 | H542: =TODAY() -> 46273 | I542: =DATEDIF(G542,H542,"m") -> 50 | J542: Parcelle Unité 13 | K542: Parcelles Assainies | L542: Parcelles Assainies | M542: Dakar | N542: Dakar
A543: O_CAM_H37 | B543: DR2 | C543: 704 | D543: 0.79261364 | E543: 0.625 | F543: =IF(D543>=0.9,"🔴 Saturé",IF(D543>=0.6,"🟠 Occupation moyenne","🟢 Disponible")) -> 🟠 Occupation moyenne | G543: 44746 | H543: =TODAY() -> 46273 | I543: =DATEDIF(G543,H543,"m") -> 50 | J543: Grand Médine | K543: Parcelles Assainies | L543: Parcelles Assainies | M543: Dakar | N543: Dakar
A544: O_CAM_H58 | B544: DR2 | C544: 440 | D544: 0.78181818 | E544: 0.5818 | F544: =IF(D544>=0.9,"🔴 Saturé",IF(D544>=0.6,"🟠 Occupation moyenne","🟢 Disponible")) -> 🟠 Occupation moyenne | G544: 44746 | H544: =TODAY() -> 46273 | I544: =DATEDIF(G544,H544,"m") -> 50 | J544: Parcelle Unité 13 | K544: Parcelles Assainies | L544: Parcelles Assainies | M544: Dakar | N544: Dakar
A545: O_MBW_R30 | B545: DR2 | C545: 688 | D545: 0.82994186 | E545: 0.7674 | F545: =IF(D545>=0.9,"🔴 Saturé",IF(D545>=0.6,"🟠 Occupation moyenne","🟢 Disponible")) -> 🟠 Occupation moyenne | G545: 44748 | H545: =TODAY() -> 46273 | I545: =DATEDIF(G545,H545,"m") -> 50 | J545: Zac Mbao | K545: Rufisque Ouest | L545: Rufisque | M545: Rufisque | N545: Dakar
A546: O_MBW_R19 | B546: DR2 | C546: 512 | D546: 0.859375 | E546: 0.7812 | F546: =IF(D546>=0.9,"🔴 Saturé",IF(D546>=0.6,"🟠 Occupation moyenne","🟢 Disponible")) -> 🟠 Occupation moyenne | G546: 44748 | H546: =TODAY() -> 46273 | I546: =DATEDIF(G546,H546,"m") -> 50 | J546: Zac Mbao | K546: Rufisque Ouest | L546: Rufisque | M546: Rufisque | N546: Dakar
A547: O_TIA_E18 | B547: DR2 | C547: 840 | D547: 0.78452381 | E547: 0.5048 | F547: =IF(D547>=0.9,"🔴 Saturé",IF(D547>=0.6,"🟠 Occupation moyenne","🟢 Disponible")) -> 🟠 Occupation moyenne | G547: 44748 | H547: =TODAY() -> 46273 | I547: =DATEDIF(G547,H547,"m") -> 50 | J547: Thiaroye | K547: Djidah Thiaroye Kaw | L547: Ville de Pikine | M547: Pikine | N547: Dakar
A548: O_MBW_R37 | B548: DR2 | C548: 312 | D548: 0.81410256 | E548: 0.6923 | F548: =IF(D548>=0.9,"🔴 Saturé",IF(D548>=0.6,"🟠 Occupation moyenne","🟢 Disponible")) -> 🟠 Occupation moyenne | G548: 44748 | H548: =TODAY() -> 46273 | I548: =DATEDIF(G548,H548,"m") -> 50 | J548: Zac Mbao | K548: Rufisque Ouest | L548: Rufisque | M548: Rufisque | N548: Dakar
A549: O_GDW_M01 | B549: DR2 | C549: 408 | D549: 0.74754902 | E549: 0.549 | F549: =IF(D549>=0.9,"🔴 Saturé",IF(D549>=0.6,"🟠 Occupation moyenne","🟢 Disponible")) -> 🟠 Occupation moyenne | G549: 44755 | H549: =TODAY() -> 46273 | I549: =DATEDIF(G549,H549,"m") -> 49 | J549: Golf nord, HLM Paris, Pikine | K549: Sam Notaire | L549: Guediawaye | M549: Guédiawaye | N549: Dakar
... A935: O_MBO_A04 | B935: DRC | C935: 744 | D935: 0.55645161 | E935: 0.3468 | F935: =IF(D935>=0.9,"🔴 Saturé",IF(D935>=0.6,"🟠 Occupation moyenne","🟢 Disponible")) -> 🟢 Disponible | G935: 45852 | H935: =TODAY() -> 46273 | I935: =DATEDIF(G935,H935,"m") -> 13 | J935: Mboro, cité Serigne MANSOUR | K935: Mboro | L935: Méouane | M935: Tivaouane | N935: Thiès
A936: O_VEL_A00 | B936: DRS | C936: 1088 | D936: 0.52757353 | E936: 0.1838 | F936: =IF(D936>=0.9,"🔴 Saturé",IF(D936>=0.6,"🟠 Occupation moyenne","🟢 Disponible")) -> 🟢 Disponible | G936: 45855 | H936: =TODAY() -> 46273 | I936: =DATEDIF(G936,H936,"m") -> 13 | J936: SINTHIANG HOULATA, HLM | K936: Vélingara Kolda | M936: Vélingara | N936: Kolda
A937: O_NDA_C10 | B937: DRT | C937: 888 | D937: 0.64301802 | E937: 0.3514 | F937: =IF(D937>=0.9,"🔴 Saturé",IF(D937>=0.6,"🟠 Occupation moyenne","🟢 Disponible")) -> 🟠 Occupation moyenne | G937: 45865 | H937: =TODAY() -> 46273 | I937: =DATEDIF(G937,H937,"m") -> 13 | J937: DAROU SALAM | K937: Mbacké | L937: Mbacké | M937: Mbacké | N937: Diourbel
A938: O_NDA_C01 | B938: DRT | C938: 1304 | D938: 0.48542945 | E938: 0.2761 | F938: =IF(D938>=0.9,"🔴 Saturé",IF(D938>=0.6,"🟠 Occupation moyenne","🟢 Disponible")) -> 🟢 Disponible | G938: 45872 | H938: =TODAY() -> 46273 | I938: =DATEDIF(G938,H938,"m") -> 13 | J938: Mbacké KHEWAR | K938: Mbacké | L938: Ndame | M938: Mbacké | N938: Diourbel
A939: O_SOK_A00 | B939: DRE | C939: 762 | D939: 0.61286089 | E939: 0.4646 | F939: =IF(D939>=0.9,"🔴 Saturé",IF(D939>=0.6,"🟠 Occupation moyenne","🟢 Disponible")) -> 🟠 Occupation moyenne | G939: 45877 | H939: =TODAY() -> 46273 | I939: =DATEDIF(G939,H939,"m") -> 13 | J939: NDANGANE, MEDINA, LEONA | K939: Karangue poste | L939: TOUBACOUTA | M939: Foundiougne | N939: Fatick
A940: O_DKH_A05 | B940: DRT | C940: 648 | D940: 0.62654321 | E940: 0.3086 | F940: =IF(D940>=0.9,"🔴 Saturé",IF(D940>=0.6,"🟠 Occupation moyenne","🟢 Disponible")) -> 🟠 Occupation moyenne | G940: 45875 | H940: =TODAY() -> 46273 | I940: =DATEDIF(G940,H940,"m") -> 13 | J940: DAROU KHOUDOSS | K940: Touba Mosquée | L940: Ndame | M940: Mbacké | N940: Diourbel
A941: O_MBO_A05 | B941: DRC | C941: 720 | D941: 0.67916667 | E941: 0.5333 | F941: =IF(D941>=0.9,"🔴 Saturé",IF(D941>=0.6,"🟠 Occupation moyenne","🟢 Disponible")) -> 🟠 Occupation moyenne | G941: 45875 | H941: =TODAY() -> 46273 | I941: =DATEDIF(G941,H941,"m") -> 13 | J941: DIAMAGUENE | K941: Mboro | L941: Meouane | M941: Tivaouane | N941: Thiès
A942: O_MAD_B12 | B942: DRT | C942: 472 | D942: 0.62923729 | E942: 0.4068 | F942: =IF(D942>=0.9,"🔴 Saturé",IF(D942>=0.6,"🟠 Occupation moyenne","🟢 Disponible")) -> 🟠 Occupation moyenne | G942: 45877 | H942: =TODAY() -> 46273 | I942: =DATEDIF(G942,H942,"m") -> 13 | J942: Darou Khoudoss | K942: Touba Mosquée | L942: Ndame | M942: Mbacké | N942: Diourbel
A943: O_KOU_A00 | B943: DRE | C943: 798 | D943: 0.60526316 | E943: 0.4361 | F943: =IF(D943>=0.9,"🔴 Saturé",IF(D943>=0.6,"🟠 Occupation moyenne","🟢 Disponible")) -> 🟠 Occupation moyenne | G943: 45891 | H943: =TODAY() -> 46273 | I943: =DATEDIF(G943,H943,"m") -> 12 | J943: Koungheul | K943: koungheul | L943: IDA MOURIDE | M943: koungheul | N943: Kaffrine
A944: O_NIO_A01 | B944: DRE | C944: 798 | D944: 0.54761905 | E944: 0.3083 | F944: =IF(D944>=0.9,"🔴 Saturé",IF(D944>=0.6,"🟠 Occupation moyenne","🟢 Disponible")) -> 🟢 Disponible | G944: 45891 | H944: =TODAY() -> 46273 | I944: =DATEDIF(G944,H944,"m") -> 12 | J944: Nioro | K944: Nioro | L944: PAOSKOTO | M944: Nioro | N944: Kaolack
A945: O_TIV_A14 | B945: DRC | C945: 656 | D945: 0.33689024 | E945: 0.0976 | F945: =IF(D945>=0.9,"🔴 Saturé",IF(D945>=0.6,"🟠 Occupation moyenne","🟢 Disponible")) -> 🟢 Disponible | G945: 45898 | H945: =TODAY() -> 46273 | I945: =DATEDIF(G945,H945,"m") -> 12 | J945: Tiavaoune, Chérif lo | K945: TIVAOUANE, CHERIF LO | L945: PAMBAL | M945: TIVAOUANE | N945: Thiès
A946: O_TIV_A15 | B946: DRC | C946: 712 | D946: 0.29073034 | E946: 0.0337 | F946: =IF(D946>=0.9,"🔴 Saturé",IF(D946>=0.6,"🟠 Occupation moyenne","🟢 Disponible")) -> 🟢 Disponible | G946: 45898 | H946: =TODAY() -> 46273 | I946: =DATEDIF(G946,H946,"m") -> 12 | J946: Tiavaoune | K946: TIVAOUANE, CHERIF LO | L946: TIVAOUANE | M946: TIVAOUANE | N946: Thiès
A947: O_TIV_A13 | B947: DRC | C947: 640 | D947: 0.2734375 | E947: 0.0625 | F947: =IF(D947>=0.9,"🔴 Saturé",IF(D947>=0.6,"🟠 Occupation moyenne","🟢 Disponible")) -> 🟢 Disponible | G947: 45898 | H947: =TODAY() -> 46273 | I947: =DATEDIF(G947,H947,"m") -> 12 | J947: Tiavaoune Chérif lo | K947: TIVAOUANE, CHERIF LO | L947: PAMBAL | M947: TIVAOUANE | N947: Thiès
A948: O_KLK_A16 | B948: DRE | C948: 1512 | D948: 0.61640212 | E948: 0.3386 | F948: =IF(D948>=0.9,"🔴 Saturé",IF(D948>=0.6,"🟠 Occupation moyenne","🟢 Disponible")) -> 🟠 Occupation moyenne | G948: 45898 | H948: =TODAY() -> 46273 | I948: =DATEDIF(G948,H948,"m") -> 12 | J948: Kaolack | K948: KAOLACK | L948: NDIEDIENG | M948: KAOLACK | N948: Kaolack
... A1019: O_GMB_C12 | B1019: DRC | C1019: 654 | D1019: 0.6941896 | E1019: 0.5596 | F1019: =IF(D1019>=0.9,"🔴 Saturé",IF(D1019>=0.6,"🟠 Occupation moyenne","🟢 Disponible")) -> 🟠 Occupation moyenne | G1019: 46209 | H1019: =TODAY() -> 46273 | I1019: =DATEDIF(G1019,H1019,"m") -> 2 | J1019: Saly Velingara,Gandigal | K1019: Saly Portudal | L1019: SINDIA | M1019: Mbour | N1019: Thiès
A1020: O_GOM_A03 | B1020: DR2 | C1020: 552 | D1020: 0.63949275 | E1020: 0.3333 | F1020: =IF(D1020>=0.9,"🔴 Saturé",IF(D1020>=0.6,"🟠 Occupation moyenne","🟢 Disponible")) -> 🟠 Occupation moyenne | G1020: 11/0702026 | H1020: =TODAY() -> 46273 | I1020: 0 | J1020: DENY BIRAM NDAO | K1020: Diender | L1020: SANGALKAM | M1020: RUFISQUE | N1020: Dakar
A1021: O_MAD_B08 | B1021: DRT | C1021: 936 | D1021: 0.50534188 | E1021: 0.1709 | F1021: =IF(D1021>=0.9,"🔴 Saturé",IF(D1021>=0.6,"🟠 Occupation moyenne","🟢 Disponible")) -> 🟢 Disponible | G1021: 46214 | H1021: =TODAY() -> 46273 | I1021: =DATEDIF(G1021,H1021,"m") -> 1 | J1021: Garage darou Mouhti/Centre Nourou Daarayni | K1021: Touba Mosquée | L1021: NDAME | M1021: Mbacké | N1021: Diourbel
A1022: O_TBM_D06 | B1022: DRT | C1022: 712 | D1022: 0.36516854 | E1022: 0.0674 | F1022: =IF(D1022>=0.9,"🔴 Saturé",IF(D1022>=0.6,"🟠 Occupation moyenne","🟢 Disponible")) -> 🟢 Disponible | G1022: 46220 | H1022: =TODAY() -> 46273 | I1022: =DATEDIF(G1022,H1022,"m") -> 1 | J1022: GARE BOU NDAW | K1022: Touba Mosquée | L1022: Ndame | M1022: Mbacké | N1022: Diourbel
A1023: O_TBM_D11 | B1023: DRT | C1023: 1072 | D1023: 0.40764925 | E1023: 0.097 | F1023: =IF(D1023>=0.9,"🔴 Saturé",IF(D1023>=0.6,"🟠 Occupation moyenne","🟢 Disponible")) -> 🟢 Disponible | G1023: 46220 | H1023: =TODAY() -> 46273 | I1023: =DATEDIF(G1023,H1023,"m") -> 1 | J1023: DAROU MINAME | K1023: Touba Mosquée | L1023: Ndame | M1023: Mbacké | N1023: Diourbel
A1024: O_TBM_D25 | B1024: DRT | C1024: 624 | D1024: 0.36538462 | E1024: 0.0641 | F1024: =IF(D1024>=0.9,"🔴 Saturé",IF(D1024>=0.6,"🟠 Occupation moyenne","🟢 Disponible")) -> 🟢 Disponible | G1024: 46220 | H1024: =TODAY() -> 46273 | I1024: =DATEDIF(G1024,H1024,"m") -> 1 | J1024: TOUBA KEUR NIANG | K1024: Touba Mosquée | L1024: Ndame | M1024: Mbacké | N1024: Diourbel
A1025: O_TBM_D12 | B1025: DRT | C1025: 744 | D1025: 0.48655914 | E1025: 0.172 | F1025: =IF(D1025>=0.9,"🔴 Saturé",IF(D1025>=0.6,"🟠 Occupation moyenne","🟢 Disponible")) -> 🟢 Disponible | G1025: 46223 | H1025: =TODAY() -> 46273 | I1025: =DATEDIF(G1025,H1025,"m") -> 1 | J1025: Khaira | K1025: Touba Mosquée | L1025: Ndame | M1025: Mbacké | N1025: Diourbel
A1026: O_TBM_D03 | B1026: DRT | C1026: 1312 | D1026: 0.37804878 | E1026: 0.0122 | F1026: =IF(D1026>=0.9,"🔴 Saturé",IF(D1026>=0.6,"🟠 Occupation moyenne","🟢 Disponible")) -> 🟢 Disponible | G1026: 46223 | H1026: =TODAY() -> 46273 | I1026: =DATEDIF(G1026,H1026,"m") -> 1 | J1026: Pencum Palene | K1026: Touba Mosquée | L1026: Ndame | M1026: Mbacké | N1026: Diourbel
A1027: O_TBM_D09 | B1027: DRT | C1027: 992 | D1027: 0.35584677 | E1027: 0.1371 | F1027: =IF(D1027>=0.9,"🔴 Saturé",IF(D1027>=0.6,"🟠 Occupation moyenne","🟢 Disponible")) -> 🟢 Disponible | G1027: 46223 | H1027: =TODAY() -> 46273 | I1027: =DATEDIF(G1027,H1027,"m") -> 1 | J1027: Touba, marché Ocass | K1027: Touba Mosquée | L1027: Ndame | M1027: Mbacké | N1027: Diourbel
A1028: O_DKH_A09 | B1028: DRT | C1028: 1192 | D1028: 0.37667785 | E1028: 0.1477 | F1028: =IF(D1028>=0.9,"🔴 Saturé",IF(D1028>=0.6,"🟠 Occupation moyenne","🟢 Disponible")) -> 🟢 Disponible | G1028: 46223 | H1028: =TODAY() -> 46273 | I1028: =DATEDIF(G1028,H1028,"m") -> 1 | J1028: Guede | K1028: Touba Mosquée | L1028: NDAME | M1028: Mbacké | N1028: Diourbel
A1029: O_MAD_B29 | B1029: DRT | C1029: 1320 | D1029: 0.33333333 | E1029: 0.0788 | F1029: =IF(D1029>=0.9,"🔴 Saturé",IF(D1029>=0.6,"🟠 Occupation moyenne","🟢 Disponible")) -> 🟢 Disponible | G1029: 46224 | H1029: =TODAY() -> 46273 | I1029: =DATEDIF(G1029,H1029,"m") -> 1 | J1029: Niary Baye Fall | K1029: Touba Mosquée | L1029: Ndame | M1029: Mbacké | N1029: Diourbel
A1030: O_TBM_D01 | B1030: DRT | C1030: 1096 | D1030: 0.29105839 | E1030: 0.0292 | F1030: =IF(D1030>=0.9,"🔴 Saturé",IF(D1030>=0.6,"🟠 Occupation moyenne","🟢 Disponible")) -> 🟢 Disponible | G1030: 46225 | H1030: =TODAY() -> 46273 | I1030: =DATEDIF(G1030,H1030,"m") -> 1 | J1030: Touba Keur Niang | K1030: Touba Mosquée | L1030: Ndame | M1030: Mbacké | N1030: Diourbel
A1031: O_TBM_D24 | B1031: DRT | C1031: 1160 | D1031: 0.225 | E1031: 0.0138 | F1031: =IF(D1031>=0.9,"🔴 Saturé",IF(D1031>=0.6,"🟠 Occupation moyenne","🟢 Disponible")) -> 🟢 Disponible | G1031: 46226 | H1031: =TODAY() -> 46273 | I1031: =DATEDIF(G1031,H1031,"m") -> 1 | J1031: GARE BOU NDAW | K1031: Touba Mosquée | L1031: Ndame | M1031: Mbacké | N1031: Diourbel
A1032: O_TBM_D04 | B1032: DRT | C1032: 800 | D1032: 0.3875 | E1032: 0.07 | F1032: =IF(D1032>=0.9,"🔴 Saturé",IF(D1032>=0.6,"🟠 Occupation moyenne","🟢 Disponible")) -> 🟢 Disponible | G1032: 46230 | H1032: =TODAY() -> 46273 | I1032: =DATEDIF(G1032,H1032,"m") -> 1 | J1032: Nguelémou | K1032: Touba Mosquée | L1032: Ndame | M1032: Mbacké | N1032: Diourbel
... A1060: O_NGH_A04 | B1060: DRC | C1060: 1328 | D1060: 0.0022590361 | E1060: 0 | F1060: =IF(D1060>=0.9,"🔴 Saturé",IF(D1060>=0.6,"🟠 Occupation moyenne","🟢 Disponible")) -> 🟢 Disponible | G1060: 46272 | H1060: =TODAY() -> 46273 | I1060: =DATEDIF(G1060,H1060,"m") -> 0 | J1060: Nguekhokh | K1060: NGUEKHOKH | L1060: MBOUR | M1060: SINDIA | N1060: Thiès

Sheet Evolution des plaques
A1: Plaques | B1: ARCHI | C1: Zone DR | D1: Date d'ouverture | E1: Date Aujourdhui | F1: Zone de couverture | G1: Taux de pénétration S35_26 | H1: Taux de pénétration S36_26 | I1: Taux d'évolution | J1: Age | K1: Tendance évolution
A2: O_MED_A03 | B2: ZONE TRES DENSE | C2: DR1 | D2: 43045 | E2: =TODAY() -> 46273 | F2: Plateau | G2: 0.35253456 | H2: =VLOOKUP(A2,[3]Sheet1!$A:$H,8,) -> 0.35368664 | I2: =H2-G2 -> 0.0011520737 | J2: =DATEDIF(D2,E2,"m") -> 106 | K2: =IF(H2="","➡️ Stable",IF(H2>0.005,"⬆️ En hausse",IF(H2<-0.005,"⬇️ En baisse","➡️ Stable"))) -> ⬆️ En hausse
A3: O_REP_A04 | B3: ZONE TRES DENSE | C3: DR1 | D3: 43045 | E3: =TODAY() -> 46273 | F3: Plateau | G3: 0.35074627 | H3: =VLOOKUP(A3,[3]Sheet1!$A:$H,8,) -> 0.35447761 | I3: =H3-G3 -> 0.0037313433 | J3: =DATEDIF(D3,E3,"m") -> 106 | K3: =IF(H3="","➡️ Stable",IF(H3>0.005,"⬆️ En hausse",IF(H3<-0.005,"⬇️ En baisse","➡️ Stable"))) -> ⬆️ En hausse
A4: O_SVD_C10 | B4: ZONE TRES DENSE | C4: DR1 | D4: 43045 | E4: =TODAY() -> 46273 | F4: Keur Gorgui, Sacré Cœur pyrotechnie | G4: 0.46083551 | H4: =VLOOKUP(A4,[3]Sheet1!$A:$H,8,) -> 0.46057441 | I4: =H4-G4 -> -0.00026109661 | J4: =DATEDIF(D4,E4,"m") -> 106 | K4: =IF(H4="","➡️ Stable",IF(H4>0.005,"⬆️ En hausse",IF(H4<-0.005,"⬇️ En baisse","➡️ Stable"))) -> ⬆️ En hausse
A5: O_REP_A11 | B5: ZONE TRES DENSE | C5: DR1 | D5: 43046 | E5: =TODAY() -> 46273 | F5: Plateau | G5: 0.36786787 | H5: =VLOOKUP(A5,[3]Sheet1!$A:$H,8,) -> 0.36486486 | I5: =H5-G5 -> -0.003003003 | J5: =DATEDIF(D5,E5,"m") -> 106 | K5: =IF(H5="","➡️ Stable",IF(H5>0.005,"⬆️ En hausse",IF(H5<-0.005,"⬇️ En baisse","➡️ Stable"))) -> ⬆️ En hausse
A6: O_REP_A12 | B6: ZONE TRES DENSE | C6: DR1 | D6: 43046 | E6: =TODAY() -> 46273 | F6: Plateau | G6: 0.34033613 | H6: =VLOOKUP(A6,[3]Sheet1!$A:$H,8,) -> 0.34033613 | I6: =H6-G6 -> 0 | J6: =DATEDIF(D6,E6,"m") -> 106 | K6: =IF(H6="","➡️ Stable",IF(H6>0.005,"⬆️ En hausse",IF(H6<-0.005,"⬇️ En baisse","➡️ Stable"))) -> ⬆️ En hausse
A7: O_REP_B15 | B7: ZONE TRES DENSE | C7: DR1 | D7: 43046 | E7: =TODAY() -> 46273 | F7: Plateau | G7: 0.39851485 | H7: =VLOOKUP(A7,[3]Sheet1!$A:$H,8,) -> 0.39975248 | I7: =H7-G7 -> 0.0012376238 | J7: =DATEDIF(D7,E7,"m") -> 106 | K7: =IF(H7="","➡️ Stable",IF(H7>0.005,"⬆️ En hausse",IF(H7<-0.005,"⬇️ En baisse","➡️ Stable"))) -> ⬆️ En hausse
A8: O_REP_A09 | B8: ZONE TRES DENSE | C8: DR1 | D8: 43053 | E8: =TODAY() -> 46273 | F8: Plateau | G8: 0.44626866 | H8: =VLOOKUP(A8,[3]Sheet1!$A:$H,8,) -> 0.44552239 | I8: =H8-G8 -> -0.00074626866 | J8: =DATEDIF(D8,E8,"m") -> 105 | K8: =IF(H8="","➡️ Stable",IF(H8>0.005,"⬆️ En hausse",IF(H8<-0.005,"⬇️ En baisse","➡️ Stable"))) -> ⬆️ En hausse
A9: O_REP_B17 | B9: ZONE TRES DENSE | C9: DR1 | D9: 43053 | E9: =TODAY() -> 46273 | F9: Plateau | G9: 0.45131579 | H9: =VLOOKUP(A9,[3]Sheet1!$A:$H,8,) -> 0.45921053 | I9: =H9-G9 -> 0.0078947368 | J9: =DATEDIF(D9,E9,"m") -> 105 | K9: =IF(H9="","➡️ Stable",IF(H9>0.005,"⬆️ En hausse",IF(H9<-0.005,"⬇️ En baisse","➡️ Stable"))) -> ⬆️ En hausse
A10: O_REP_A05 | B10: ZONE TRES DENSE | C10: DR1 | D10: 43059 | E10: =TODAY() -> 46273 | F10: Plateau | G10: 0.40823529 | H10: =VLOOKUP(A10,[3]Sheet1!$A:$H,8,) -> 0.40588235 | I10: =H10-G10 -> -0.0023529412 | J10: =DATEDIF(D10,E10,"m") -> 105 | K10: =IF(H10="","➡️ Stable",IF(H10>0.005,"⬆️ En hausse",IF(H10<-0.005,"⬇️ En baisse","➡️ Stable"))) -> ⬆️ En hausse
A11: O_REP_A02 | B11: ZONE TRES DENSE | C11: DR1 | D11: 43074 | E11: =TODAY() -> 46273 | F11: Plateau | G11: 0.50266904 | H11: =VLOOKUP(A11,[3]Sheet1!$A:$H,8,) -> 0.50177936 | I11: =H11-G11 -> -0.00088967972 | J11: =DATEDIF(D11,E11,"m") -> 105 | K11: =IF(H11="","➡️ Stable",IF(H11>0.005,"⬆️ En hausse",IF(H11<-0.005,"⬇️ En baisse","➡️ Stable"))) -> ⬆️ En hausse
A12: O_REP_A08 | B12: ZONE TRES DENSE | C12: DR1 | D12: 43095 | E12: =TODAY() -> 46273 | F12: Plateau | G12: 0.3620178 | H12: =VLOOKUP(A12,[3]Sheet1!$A:$H,8,) -> 0.36127596 | I12: =H12-G12 -> -0.00074183976 | J12: =DATEDIF(D12,E12,"m") -> 104 | K12: =IF(H12="","➡️ Stable",IF(H12>0.005,"⬆️ En hausse",IF(H12<-0.005,"⬇️ En baisse","➡️ Stable"))) -> ⬆️ En hausse
A13: O_REP_A10 | B13: ZONE TRES DENSE | C13: DR1 | D13: 43096 | E13: =TODAY() -> 46273 | F13: Plateau | G13: 0.221875 | H13: =VLOOKUP(A13,[3]Sheet1!$A:$H,8,) -> 0.221875 | I13: =H13-G13 -> 0 | J13: =DATEDIF(D13,E13,"m") -> 104 | K13: =IF(H13="","➡️ Stable",IF(H13>0.005,"⬆️ En hausse",IF(H13<-0.005,"⬇️ En baisse","➡️ Stable"))) -> ⬆️ En hausse
... A483: O_KMR_L40 | B483: ZONE TRES DENSE | C483: DR2 | D483: 44582 | E483: =TODAY() -> 46273 | F483: Keur Massar | G483: 0.63764045 | H483: =VLOOKUP(A483,[3]Sheet1!$A:$H,8,) -> 0.64044944 | I483: =H483-G483 -> 0.0028089888 | J483: =DATEDIF(D483,E483,"m") -> 55 | K483: =IF(H483="","➡️ Stable",IF(H483>0.005,"⬆️ En hausse",IF(H483<-0.005,"⬇️ En baisse","➡️ Stable"))) -> ⬆️ En hausse
A484: O_GDW_M15 | B484: ZONE TRES DENSE | C484: DR2 | D484: 44591 | E484: =TODAY() -> 46273 | G484: 0.63636364 | H484: =VLOOKUP(A484,[3]Sheet1!$A:$H,8,) -> 0.64393939 | I484: =H484-G484 -> 0.0075757576 | J484: =DATEDIF(D484,E484,"m") -> 55 | K484: =IF(H484="","➡️ Stable",IF(H484>0.005,"⬆️ En hausse",IF(H484<-0.005,"⬇️ En baisse","➡️ Stable"))) -> ⬆️ En hausse
A485: O_KLK_A19 | B485: PMZ | C485: DRE | D485: 44591 | E485: =TODAY() -> 46273 | F485: Kahone | G485: 0.55081301 | H485: =VLOOKUP(A485,[3]Sheet1!$A:$H,8,) -> 0.55386179 | I485: =H485-G485 -> 0.0030487805 | J485: =DATEDIF(D485,E485,"m") -> 55 | K485: =IF(H485="","➡️ Stable",IF(H485>0.005,"⬆️ En hausse",IF(H485<-0.005,"⬇️ En baisse","➡️ Stable"))) -> ⬆️ En hausse
A486: O_THS_A09 | B486: ZONE TRES DENSE | C486: DRC | D486: 44591 | E486: =TODAY() -> 46273 | F486: Fahu | G486: 0.75423729 | H486: =VLOOKUP(A486,[3]Sheet1!$A:$H,8,) -> 0.75084746 | I486: =H486-G486 -> -0.0033898305 | J486: =DATEDIF(D486,E486,"m") -> 55 | K486: =IF(H486="","➡️ Stable",IF(H486>0.005,"⬆️ En hausse",IF(H486<-0.005,"⬇️ En baisse","➡️ Stable"))) -> ⬆️ En hausse
A487: O_THS_A10 | B487: ZONE TRES DENSE | C487: DRC | D487: 44591 | E487: =TODAY() -> 46273 | F487: Thies Nguinth | G487: 0.58111888 | H487: =VLOOKUP(A487,[3]Sheet1!$A:$H,8,) -> 0.58251748 | I487: =H487-G487 -> 0.0013986014 | J487: =DATEDIF(D487,E487,"m") -> 55 | K487: =IF(H487="","➡️ Stable",IF(H487>0.005,"⬆️ En hausse",IF(H487<-0.005,"⬇️ En baisse","➡️ Stable"))) -> ⬆️ En hausse
A488: O_THS_A31 | B488: PMZ | C488: DRC | D488: 44591 | E488: =TODAY() -> 46273 | F488: Thies Nguinth | G488: 0.65140845 | H488: =VLOOKUP(A488,[3]Sheet1!$A:$H,8,) -> 0.65258216 | I488: =H488-G488 -> 0.0011737089 | J488: =DATEDIF(D488,E488,"m") -> 55 | K488: =IF(H488="","➡️ Stable",IF(H488>0.005,"⬆️ En hausse",IF(H488<-0.005,"⬇️ En baisse","➡️ Stable"))) -> ⬆️ En hausse
A489: O_TIV_A07 | B489: OODN | C489: DRC | D489: 44591 | E489: =TODAY() -> 46273 | F489: Quartier derriere EDK | G489: 0.59292035 | H489: =VLOOKUP(A489,[3]Sheet1!$A:$H,8,) -> 0.59955752 | I489: =H489-G489 -> 0.0066371681 | J489: =DATEDIF(D489,E489,"m") -> 55 | K489: =IF(H489="","➡️ Stable",IF(H489>0.005,"⬆️ En hausse",IF(H489<-0.005,"⬇️ En baisse","➡️ Stable"))) -> ⬆️ En hausse
A490: O_DKH_A00 | B490: OODN | C490: DRT | D490: 44622 | E490: =TODAY() -> 46273 | F490: Darou Khoudoss 1, Touba Alie 1 | G490: 0.75757576 | H490: =VLOOKUP(A490,[3]Sheet1!$A:$H,8,) -> 0.75757576 | I490: =H490-G490 -> 0 | J490: =DATEDIF(D490,E490,"m") -> 54 | K490: =IF(H490="","➡️ Stable",IF(H490>0.005,"⬆️ En hausse",IF(H490<-0.005,"⬇️ En baisse","➡️ Stable"))) -> ⬆️ En hausse
A491: O_DKH_A15 | B491: OODN | C491: DRT | D491: 44622 | E491: =TODAY() -> 46273 | F491: Darou Khoudoss 5 | G491: 0.66015625 | H491: =VLOOKUP(A491,[3]Sheet1!$A:$H,8,) -> 0.66210938 | I491: =H491-G491 -> 0.001953125 | J491: =DATEDIF(D491,E491,"m") -> 54 | K491: =IF(H491="","➡️ Stable",IF(H491>0.005,"⬆️ En hausse",IF(H491<-0.005,"⬇️ En baisse","➡️ Stable"))) -> ⬆️ En hausse
A492: O_TIA_E27 | B492: OODN | C492: DR2 | D492: 44662 | E492: =TODAY() -> 46273 | F492: Thiaroye,Sam-Sam4 | G492: 0.77663934 | H492: =VLOOKUP(A492,[3]Sheet1!$A:$H,8,) -> 0.77663934 | I492: =H492-G492 -> 0 | J492: =DATEDIF(D492,E492,"m") -> 52 | K492: =IF(H492="","➡️ Stable",IF(H492>0.005,"⬆️ En hausse",IF(H492<-0.005,"⬇️ En baisse","➡️ Stable"))) -> ⬆️ En hausse
A493: O_KMR_L45 | B493: OODN | C493: DR2 | D493: 44671 | E493: =TODAY() -> 46273 | F493: Keur Massar, Unité 4 | G493: 0.75 | H493: =VLOOKUP(A493,[3]Sheet1!$A:$H,8,) -> 0.75 | I493: =H493-G493 -> 0 | J493: =DATEDIF(D493,E493,"m") -> 52 | K493: =IF(H493="","➡️ Stable",IF(H493>0.005,"⬆️ En hausse",IF(H493<-0.005,"⬇️ En baisse","➡️ Stable"))) -> ⬆️ En hausse
A494: O_MBR_A06 | B494: OODN | C494: DRC | D494: 44671 | E494: =TODAY() -> 46273 | F494: Mbour FH, Warang_Soce | G494: 0.70972222 | H494: =VLOOKUP(A494,[3]Sheet1!$A:$H,8,) -> 0.71111111 | I494: =H494-G494 -> 0.0013888889 | J494: =DATEDIF(D494,E494,"m") -> 52 | K494: =IF(H494="","➡️ Stable",IF(H494>0.005,"⬆️ En hausse",IF(H494<-0.005,"⬇️ En baisse","➡️ Stable"))) -> ⬆️ En hausse
A495: O_DKH_A16 | B495: OODN | C495: DRT | D495: 44672 | E495: =TODAY() -> 46273 | F495: Darou Khoudoss 1, Touba Alie 1 | G495: 0.71363636 | H495: =VLOOKUP(A495,[3]Sheet1!$A:$H,8,) -> 0.71363636 | I495: =H495-G495 -> 0 | J495: =DATEDIF(D495,E495,"m") -> 52 | K495: =IF(H495="","➡️ Stable",IF(H495>0.005,"⬆️ En hausse",IF(H495<-0.005,"⬇️ En baisse","➡️ Stable"))) -> ⬆️ En hausse
A496: O_DKH_A17 | B496: OODN | C496: DRT | D496: 44672 | E496: =TODAY() -> 46273 | F496: Touba Guédé | G496: 0.68859649 | H496: =VLOOKUP(A496,[3]Sheet1!$A:$H,8,) -> 0.6995614 | I496: =H496-G496 -> 0.010964912 | J496: =DATEDIF(D496,E496,"m") -> 52 | K496: =IF(H496="","➡️ Stable",IF(H496>0.005,"⬆️ En hausse",IF(H496<-0.005,"⬇️ En baisse","➡️ Stable"))) -> ⬆️ En hausse
... A534: O_KMR_L05 | B534: OODN | C534: DR2 | D534: 44728 | E534: =TODAY() -> 46273 | F534: Malika | G534: 0.81570513 | H534: =VLOOKUP(A534,[3]Sheet1!$A:$H,8,) -> 0.82051282 | I534: =H534-G534 -> 0.0048076923 | J534: =DATEDIF(D534,E534,"m") -> 50 | K534: =IF(H534="","➡️ Stable",IF(H534>0.005,"⬆️ En hausse",IF(H534<-0.005,"⬇️ En baisse","➡️ Stable"))) -> ⬆️ En hausse
A535: O_GDW_M16 | B535: OODN | C535: DR2 | D535: 44734 | E535: =TODAY() -> 46273 | G535: 0.69166667 | H535: =VLOOKUP(A535,[3]Sheet1!$A:$H,8,) -> 0.70166667 | I535: =H535-G535 -> 0.01 | J535: =DATEDIF(D535,E535,"m") -> 50 | K535: =IF(H535="","➡️ Stable",IF(H535>0.005,"⬆️ En hausse",IF(H535<-0.005,"⬇️ En baisse","➡️ Stable"))) -> ⬆️ En hausse
A536: O_GMB_B17 | B536: OODN | C536: DRC | D536: 44734 | E536: =TODAY() -> 46273 | G536: 0.67329545 | H536: =VLOOKUP(A536,[3]Sheet1!$A:$H,8,) -> 0.67897727 | I536: =H536-G536 -> 0.0056818182 | J536: =DATEDIF(D536,E536,"m") -> 50 | K536: =IF(H536="","➡️ Stable",IF(H536>0.005,"⬆️ En hausse",IF(H536<-0.005,"⬇️ En baisse","➡️ Stable"))) -> ⬆️ En hausse
A537: O_GMB_B27 | B537: OODN | C537: DRC | D537: 44734 | E537: =TODAY() -> 46273 | G537: 0.54896907 | H537: =VLOOKUP(A537,[3]Sheet1!$A:$H,8,) -> 0.55412371 | I537: =H537-G537 -> 0.0051546392 | J537: =DATEDIF(D537,E537,"m") -> 50 | K537: =IF(H537="","➡️ Stable",IF(H537>0.005,"⬆️ En hausse",IF(H537<-0.005,"⬇️ En baisse","➡️ Stable"))) -> ⬆️ En hausse
A538: O_CAM_H17 | B538: OODN | C538: DR2 | D538: 44739 | E538: =TODAY() -> 46273 | F538: Camberene | G538: 0.82333333 | H538: =VLOOKUP(A538,[3]Sheet1!$A:$H,8,) -> 0.83333333 | I538: =H538-G538 -> 0.01 | J538: =DATEDIF(D538,E538,"m") -> 50 | K538: =IF(H538="","➡️ Stable",IF(H538>0.005,"⬆️ En hausse",IF(H538<-0.005,"⬇️ En baisse","➡️ Stable"))) -> ⬆️ En hausse
A539: O_CAM_H51 | B539: OODN | C539: DR2 | D539: 44739 | E539: =TODAY() -> 46273 | F539: Camberene | G539: 0.7827381 | H539: =VLOOKUP(A539,[3]Sheet1!$A:$H,8,) -> 0.78720238 | I539: =H539-G539 -> 0.0044642857 | J539: =DATEDIF(D539,E539,"m") -> 50 | K539: =IF(H539="","➡️ Stable",IF(H539>0.005,"⬆️ En hausse",IF(H539<-0.005,"⬇️ En baisse","➡️ Stable"))) -> ⬆️ En hausse
A540: O_GMB_B33 | B540: OODN | C540: DRC | D540: 44739 | E540: =TODAY() -> 46273 | F540: Saly Aérodrome | G540: 0.50294118 | H540: =VLOOKUP(A540,[3]Sheet1!$A:$H,8,) -> 0.50294118 | I540: =H540-G540 -> 0 | J540: =DATEDIF(D540,E540,"m") -> 50 | K540: =IF(H540="","➡️ Stable",IF(H540>0.005,"⬆️ En hausse",IF(H540<-0.005,"⬇️ En baisse","➡️ Stable"))) -> ⬆️ En hausse
A541: O_GMB_B25 | B541: OODN | C541: DRC | D541: 44742 | E541: =TODAY() -> 46273 | F541: Grand Mbour | G541: 0.64108911 | H541: =VLOOKUP(A541,[3]Sheet1!$A:$H,8,) -> 0.63985149 | I541: =H541-G541 -> -0.0012376238 | J541: =DATEDIF(D541,E541,"m") -> 50 | K541: =IF(H541="","➡️ Stable",IF(H541>0.005,"⬆️ En hausse",IF(H541<-0.005,"⬇️ En baisse","➡️ Stable"))) -> ⬆️ En hausse
A542: O_CAM_H37 | B542: OODN | C542: DR2 | D542: 44746 | E542: =TODAY() -> 46273 | F542: Grand Médine | G542: 0.78693182 | H542: =VLOOKUP(A542,[3]Sheet1!$A:$H,8,) -> 0.79261364 | I542: =H542-G542 -> 0.0056818182 | J542: =DATEDIF(D542,E542,"m") -> 50 | K542: =IF(H542="","➡️ Stable",IF(H542>0.005,"⬆️ En hausse",IF(H542<-0.005,"⬇️ En baisse","➡️ Stable"))) -> ⬆️ En hausse
A543: O_CAM_H57 | B543: OODN | C543: DR2 | D543: 44746 | E543: =TODAY() -> 46273 | F543: Parcelle Unité 13 | G543: 0.85459184 | H543: =VLOOKUP(A543,[3]Sheet1!$A:$H,8,) -> 0.85459184 | I543: =H543-G543 -> 0 | J543: =DATEDIF(D543,E543,"m") -> 50 | K543: =IF(H543="","➡️ Stable",IF(H543>0.005,"⬆️ En hausse",IF(H543<-0.005,"⬇️ En baisse","➡️ Stable"))) -> ⬆️ En hausse
A544: O_CAM_H58 | B544: OODN | C544: DR2 | D544: 44746 | E544: =TODAY() -> 46273 | F544: Parcelle Unité 13 | G544: 0.78181818 | H544: =VLOOKUP(A544,[3]Sheet1!$A:$H,8,) -> 0.78181818 | I544: =H544-G544 -> 0 | J544: =DATEDIF(D544,E544,"m") -> 50 | K544: =IF(H544="","➡️ Stable",IF(H544>0.005,"⬆️ En hausse",IF(H544<-0.005,"⬇️ En baisse","➡️ Stable"))) -> ⬆️ En hausse
A545: O_MBW_R19 | B545: OODN | C545: DR2 | D545: 44748 | E545: =TODAY() -> 46273 | F545: Zac Mbao | G545: 0.859375 | H545: =VLOOKUP(A545,[3]Sheet1!$A:$H,8,) -> 0.859375 | I545: =H545-G545 -> 0 | J545: =DATEDIF(D545,E545,"m") -> 50 | K545: =IF(H545="","➡️ Stable",IF(H545>0.005,"⬆️ En hausse",IF(H545<-0.005,"⬇️ En baisse","➡️ Stable"))) -> ⬆️ En hausse
A546: O_MBW_R30 | B546: OODN | C546: DR2 | D546: 44748 | E546: =TODAY() -> 46273 | F546: Zac Mbao | G546: 0.83139535 | H546: =VLOOKUP(A546,[3]Sheet1!$A:$H,8,) -> 0.82994186 | I546: =H546-G546 -> -0.0014534884 | J546: =DATEDIF(D546,E546,"m") -> 50 | K546: =IF(H546="","➡️ Stable",IF(H546>0.005,"⬆️ En hausse",IF(H546<-0.005,"⬇️ En baisse","➡️ Stable"))) -> ⬆️ En hausse
A547: O_MBW_R37 | B547: OODN | C547: DR2 | D547: 44748 | E547: =TODAY() -> 46273 | F547: Zac Mbao | G547: 0.80448718 | H547: =VLOOKUP(A547,[3]Sheet1!$A:$H,8,) -> 0.81410256 | I547: =H547-G547 -> 0.0096153846 | J547: =DATEDIF(D547,E547,"m") -> 50 | K547: =IF(H547="","➡️ Stable",IF(H547>0.005,"⬆️ En hausse",IF(H547<-0.005,"⬇️ En baisse","➡️ Stable"))) -> ⬆️ En hausse
A548: O_TIA_E18 | B548: OODN | C548: DR2 | D548: 44748 | E548: =TODAY() -> 46273 | F548: Thiaroye | G548: 0.77619048 | H548: =VLOOKUP(A548,[3]Sheet1!$A:$H,8,) -> 0.78452381 | I548: =H548-G548 -> 0.0083333333 | J548: =DATEDIF(D548,E548,"m") -> 50 | K548: =IF(H548="","➡️ Stable",IF(H548>0.005,"⬆️ En hausse",IF(H548<-0.005,"⬇️ En baisse","➡️ Stable"))) -> ⬆️ En hausse
A549: O_GDW_M01 | B549: OODN | C549: DR2 | D549: 44755 | E549: =TODAY() -> 46273 | F549: Golf nord, HLM Paris, Pikine | G549: 0.74264706 | H549: =VLOOKUP(A549,[3]Sheet1!$A:$H,8,) -> 0.74754902 | I549: =H549-G549 -> 0.0049019608 | J549: =DATEDIF(D549,E549,"m") -> 49 | K549: =IF(H549="","➡️ Stable",IF(H549>0.005,"⬆️ En hausse",IF(H549<-0.005,"⬇️ En baisse","➡️ Stable"))) -> ⬆️ En hausse
... A1019: O_GMB_C12 | B1019: PMZ | C1019: DRC | D1019: 46209 | E1019: =TODAY() -> 46273 | F1019: Saly Velingara,Gandigal | G1019: 0.68501529 | H1019: =VLOOKUP(A1019,[3]Sheet1!$A:$H,8,) -> 0.6941896 | I1019: =H1019-G1019 -> 0.0091743119 | J1019: =DATEDIF(D1019,E1019,"m") -> 2 | K1019: =IF(H1019="","➡️ Stable",IF(H1019>0.005,"⬆️ En hausse",IF(H1019<-0.005,"⬇️ En baisse","➡️ Stable"))) -> ⬆️ En hausse
A1020: O_GOM_A03 | B1020: QODN_V2 | C1020: DR2 | D1020: 11/0702026 | E1020: =TODAY() -> 46273 | F1020: DENY BIRAM NDAO | G1020: 0.63224638 | H1020: =VLOOKUP(A1020,[3]Sheet1!$A:$H,8,) -> 0.63949275 | I1020: =H1020-G1020 -> 0.0072463768 | J1020: 0 | K1020: =IF(H1020="","➡️ Stable",IF(H1020>0.005,"⬆️ En hausse",IF(H1020<-0.005,"⬇️ En baisse","➡️ Stable"))) -> ⬆️ En hausse
A1021: O_MAD_B08 | B1021: QODN_V2 | C1021: DRT | D1021: 46214 | E1021: =TODAY() -> 46273 | F1021: Garage darou Mouhti/Centre Nourou Daarayni | G1021: 0.5042735 | H1021: =VLOOKUP(A1021,[3]Sheet1!$A:$H,8,) -> 0.50534188 | I1021: =H1021-G1021 -> 0.0010683761 | J1021: =DATEDIF(D1021,E1021,"m") -> 1 | K1021: =IF(H1021="","➡️ Stable",IF(H1021>0.005,"⬆️ En hausse",IF(H1021<-0.005,"⬇️ En baisse","➡️ Stable"))) -> ⬆️ En hausse
A1022: O_TBM_D06 | B1022: OODN_V2 | C1022: DRT | D1022: 46220 | E1022: =TODAY() -> 46273 | F1022: GARE BOU NDAW | G1022: 0.35252809 | H1022: =VLOOKUP(A1022,[3]Sheet1!$A:$H,8,) -> 0.36516854 | I1022: =H1022-G1022 -> 0.012640449 | J1022: =DATEDIF(D1022,E1022,"m") -> 1 | K1022: =IF(H1022="","➡️ Stable",IF(H1022>0.005,"⬆️ En hausse",IF(H1022<-0.005,"⬇️ En baisse","➡️ Stable"))) -> ⬆️ En hausse
A1023: O_TBM_D11 | B1023: QODN_V2 | C1023: DRT | D1023: 46220 | E1023: =TODAY() -> 46273 | F1023: DAROU MINAME | G1023: 0.39365672 | H1023: =VLOOKUP(A1023,[3]Sheet1!$A:$H,8,) -> 0.40764925 | I1023: =H1023-G1023 -> 0.013992537 | J1023: =DATEDIF(D1023,E1023,"m") -> 1 | K1023: =IF(H1023="","➡️ Stable",IF(H1023>0.005,"⬆️ En hausse",IF(H1023<-0.005,"⬇️ En baisse","➡️ Stable"))) -> ⬆️ En hausse
A1024: O_TBM_D25 | B1024: QODN_V2 | C1024: DRT | D1024: 46220 | E1024: =TODAY() -> 46273 | F1024: TOUBA KEUR NIANG | G1024: 0.35416667 | H1024: =VLOOKUP(A1024,[3]Sheet1!$A:$H,8,) -> 0.36538462 | I1024: =H1024-G1024 -> 0.011217949 | J1024: =DATEDIF(D1024,E1024,"m") -> 1 | K1024: =IF(H1024="","➡️ Stable",IF(H1024>0.005,"⬆️ En hausse",IF(H1024<-0.005,"⬇️ En baisse","➡️ Stable"))) -> ⬆️ En hausse
A1025: O_TBM_D12 | B1025: QODN_V2 | C1025: DRT | D1025: 46223 | E1025: =TODAY() -> 46273 | F1025: Khaira | G1025: 0.46505376 | H1025: =VLOOKUP(A1025,[3]Sheet1!$A:$H,8,) -> 0.48655914 | I1025: =H1025-G1025 -> 0.021505376 | J1025: =DATEDIF(D1025,E1025,"m") -> 1 | K1025: =IF(H1025="","➡️ Stable",IF(H1025>0.005,"⬆️ En hausse",IF(H1025<-0.005,"⬇️ En baisse","➡️ Stable"))) -> ⬆️ En hausse
A1026: O_TBM_D03 | B1026: OODN_V2 | C1026: DRT | D1026: 46223 | E1026: =TODAY() -> 46273 | F1026: Pencum Palene | G1026: 0.36890244 | H1026: =VLOOKUP(A1026,[3]Sheet1!$A:$H,8,) -> 0.37804878 | I1026: =H1026-G1026 -> 0.0091463415 | J1026: =DATEDIF(D1026,E1026,"m") -> 1 | K1026: =IF(H1026="","➡️ Stable",IF(H1026>0.005,"⬆️ En hausse",IF(H1026<-0.005,"⬇️ En baisse","➡️ Stable"))) -> ⬆️ En hausse
A1027: O_TBM_D09 | B1027: OODN_V2 | C1027: DRT | D1027: 46223 | E1027: =TODAY() -> 46273 | F1027: Touba, marché Ocass | G1027: 0.32862903 | H1027: =VLOOKUP(A1027,[3]Sheet1!$A:$H,8,) -> 0.35584677 | I1027: =H1027-G1027 -> 0.027217742 | J1027: =DATEDIF(D1027,E1027,"m") -> 1 | K1027: =IF(H1027="","➡️ Stable",IF(H1027>0.005,"⬆️ En hausse",IF(H1027<-0.005,"⬇️ En baisse","➡️ Stable"))) -> ⬆️ En hausse
A1028: O_DKH_A09 | B1028: OODN_V2 | C1028: DRT | D1028: 46223 | E1028: =TODAY() -> 46273 | F1028: Guede | G1028: 0.36744966 | H1028: =VLOOKUP(A1028,[3]Sheet1!$A:$H,8,) -> 0.37667785 | I1028: =H1028-G1028 -> 0.0092281879 | J1028: =DATEDIF(D1028,E1028,"m") -> 1 | K1028: =IF(H1028="","➡️ Stable",IF(H1028>0.005,"⬆️ En hausse",IF(H1028<-0.005,"⬇️ En baisse","➡️ Stable"))) -> ⬆️ En hausse
A1029: O_MAD_B29 | B1029: QODN_V2 | C1029: DRT | D1029: 46224 | E1029: =TODAY() -> 46273 | F1029: Niary Baye Fall | G1029: 0.32272727 | H1029: =VLOOKUP(A1029,[3]Sheet1!$A:$H,8,) -> 0.33333333 | I1029: =H1029-G1029 -> 0.010606061 | J1029: =DATEDIF(D1029,E1029,"m") -> 1 | K1029: =IF(H1029="","➡️ Stable",IF(H1029>0.005,"⬆️ En hausse",IF(H1029<-0.005,"⬇️ En baisse","➡️ Stable"))) -> ⬆️ En hausse
A1030: O_TBM_D01 | B1030: QODN_V2 | C1030: DRT | D1030: 46225 | E1030: =TODAY() -> 46273 | F1030: Touba Keur Niang | G1030: 0.2810219 | H1030: =VLOOKUP(A1030,[3]Sheet1!$A:$H,8,) -> 0.29105839 | I1030: =H1030-G1030 -> 0.010036496 | J1030: =DATEDIF(D1030,E1030,"m") -> 1 | K1030: =IF(H1030="","➡️ Stable",IF(H1030>0.005,"⬆️ En hausse",IF(H1030<-0.005,"⬇️ En baisse","➡️ Stable"))) -> ⬆️ En hausse
A1031: O_TBM_D24 | B1031: OODN_V2 | C1031: DRT | D1031: 46226 | E1031: =TODAY() -> 46273 | F1031: GARE BOU NDAW | G1031: 0.21896552 | H1031: =VLOOKUP(A1031,[3]Sheet1!$A:$H,8,) -> 0.225 | I1031: =H1031-G1031 -> 0.0060344828 | J1031: =DATEDIF(D1031,E1031,"m") -> 1 | K1031: =IF(H1031="","➡️ Stable",IF(H1031>0.005,"⬆️ En hausse",IF(H1031<-0.005,"⬇️ En baisse","➡️ Stable"))) -> ⬆️ En hausse
A1032: O_TBM_D04 | B1032: QODN_V2 | C1032: DRT | D1032: 46230 | E1032: =TODAY() -> 46273 | F1032: Nguelémou | G1032: 0.37375 | H1032: =VLOOKUP(A1032,[3]Sheet1!$A:$H,8,) -> 0.3875 | I1032: =H1032-G1032 -> 0.01375 | J1032: =DATEDIF(D1032,E1032,"m") -> 1 | K1032: =IF(H1032="","➡️ Stable",IF(H1032>0.005,"⬆️ En hausse",IF(H1032<-0.005,"⬇️ En baisse","➡️ Stable"))) -> ⬆️ En hausse
... A1060: O_NGH_A04 | B1060: OODN V2 | C1060: DRC | D1060: 46272 | E1060: =TODAY() -> 46273 | F1060: Nguekhokh | G1060: 0 | H1060: =VLOOKUP(A1060,[3]Sheet1!$A:$H,8,) -> 0.0022590361 | I1060: =H1060-G1060 -> 0.0022590361 | J1060: =DATEDIF(D1060,E1060,"m") -> 0 | K1060: =IF(H1060="","➡️ Stable",IF(H1060>0.005,"⬆️ En hausse",IF(H1060<-0.005,"⬇️ En baisse","➡️ Stable"))) -> ➡️ Stable

Sheet Pénétration < à 50%
A1: Plaques | B1: ARCHI | C1: Zone DR | D1: Date d'ouverture | E1: Date Aujourdhui | F1: Zone de couverture | G1: Taux de pénétration S35_26 | H1: Taux de pénétration S36_26 | I1: Taux d'évolution | J1: Age | K1: Tendance évolution
A2: O_MED_A03 | B2: ZONE TRES DENSE | C2: DR1 | D2: 43045 | E2: 46273 | F2: Plateau | G2: 0.35253456 | H2: 0.35368664 | I2: 0.0011520737 | J2: 106 | K2: ⬆️ En hausse
A3: O_REP_A04 | B3: ZONE TRES DENSE | C3: DR1 | D3: 43045 | E3: 46273 | F3: Plateau | G3: 0.35074627 | H3: 0.35447761 | I3: 0.0037313433 | J3: 106 | K3: ⬆️ En hausse
A4: O_SVD_C10 | B4: ZONE TRES DENSE | C4: DR1 | D4: 43045 | E4: 46273 | F4: Keur Gorgui, Sacré Cœur pyrotechnie | G4: 0.46083551 | H4: 0.46057441 | I4: -0.00026109661 | J4: 106 | K4: ⬆️ En hausse
A5: O_REP_A11 | B5: ZONE TRES DENSE | C5: DR1 | D5: 43046 | E5: 46273 | F5: Plateau | G5: 0.36786787 | H5: 0.36486486 | I5: -0.003003003 | J5: 106 | K5: ⬆️ En hausse
A6: O_REP_A12 | B6: ZONE TRES DENSE | C6: DR1 | D6: 43046 | E6: 46273 | F6: Plateau | G6: 0.34033613 | H6: 0.34033613 | I6: 0 | J6: 106 | K6: ⬆️ En hausse
A7: O_REP_B15 | B7: ZONE TRES DENSE | C7: DR1 | D7: 43046 | E7: 46273 | F7: Plateau | G7: 0.39851485 | H7: 0.39975248 | I7: 0.0012376238 | J7: 106 | K7: ⬆️ En hausse
A8: O_REP_A09 | B8: ZONE TRES DENSE | C8: DR1 | D8: 43053 | E8: 46273 | F8: Plateau | G8: 0.44626866 | H8: 0.44552239 | I8: -0.00074626866 | J8: 105 | K8: ⬆️ En hausse
A9: O_REP_B17 | B9: ZONE TRES DENSE | C9: DR1 | D9: 43053 | E9: 46273 | F9: Plateau | G9: 0.45131579 | H9: 0.45921053 | I9: 0.0078947368 | J9: 105 | K9: ⬆️ En hausse
A10: O_REP_A05 | B10: ZONE TRES DENSE | C10: DR1 | D10: 43059 | E10: 46273 | F10: Plateau | G10: 0.40823529 | H10: 0.40588235 | I10: -0.0023529412 | J10: 105 | K10: ⬆️ En hausse
A11: O_REP_A08 | B11: ZONE TRES DENSE | C11: DR1 | D11: 43095 | E11: 46273 | F11: Plateau | G11: 0.3620178 | H11: 0.36127596 | I11: -0.00074183976 | J11: 104 | K11: ⬆️ En hausse
A12: O_REP_A10 | B12: ZONE TRES DENSE | C12: DR1 | D12: 43096 | E12: 46273 | F12: Plateau | G12: 0.221875 | H12: 0.221875 | I12: 0 | J12: 104 | K12: ⬆️ En hausse
A13: O_REP_A06 | B13: ZONE TRES DENSE | C13: DR1 | D13: 43097 | E13: 46273 | F13: Plateau | G13: 0.34050633 | H13: 0.33538084 | I13: -0.0051254937 | J13: 104 | K13: ⬆️ En hausse
... A198: O_NGH_A04 | B198: OODN V2 | C198: DRC | D198: 46272 | E198: 46273 | F198: Nguekhokh | G198: 0 | H198: 0.0022590361 | I198: 0.0022590361 | J198: 0 | K198: ➡️ Stable

Sheet Commune avec pénétration < 50%
A1: Région | B1: COMMUNE | C1: Zone DR | D1: EQL S35_2026 | E1: Raccordés S35_2026 | F1: Taux de pénétration S35_2026 | G1: EQL S36_2026 | H1: Raccordés S36_2026 | I1: Taux de pénétration S36_2026 | J1: Taux d'évolution taux de pénétration entre S36_2026 et S35_2026
A2: Thiès | B2: Chérif Lo | C2: DRC | D2: 2984 | E2: 1241 | F2: 0.41588472 | G2: 2984 | H2: 1271 | I2: 0.42593834 | J2: 0.024174053
A3: Dakar | B3: Dakar-Plateau | C3: DR1 | D3: 26994 | E3: 11547 | F3: 0.42776172 | G3: 27024 | H3: 11546 | I3: 0.42724985 | J3: -0.0011966308
A4: Kolda | B4: Dioulacolon | C4: DRS | D4: 1136 | E4: 539 | F4: 0.47447183 | G4: 1136 | H4: 543 | I4: 0.47799296 | J4: 0.0074211503
A5: Dakar | B5: Fann-Point E-Amitié | C5: DR1 | D5: 12968 | E5: 6054 | F5: 0.46684146 | G5: 12968 | H5: 6070 | I5: 0.46807526 | J5: 0.0026428807
A6: Thiès | B6: Mboro | C6: DRC | D6: 3702 | E6: 1598 | F6: 0.43165856 | G6: 3702 | H6: 1598 | I6: 0.43165856 | J6: 0
A7: Dakar | B7: Ngor | C7: DR1 | D7: 17004 | E7: 8180 | F7: 0.48106328 | G7: 17094 | H7: 8229 | I7: 0.48139698 | J7: 0.00069367624
A8: Ziguinchor | B8: Niaguis | C8: DRS | D8: 664 | E8: 261 | F8: 0.39307229 | G8: 664 | H8: 264 | I8: 0.39759036 | J8: 0.011494253
A9: Saint-Louis | B9: Richard-Toll | C9: DRN | D9: 1652 | E9: 770 | F9: 0.46610169 | G9: 1652 | H9: 779 | I9: 0.47154964 | J9: 0.011688312
A10: Diourbel | B10: Touba Fall | C10: DRT | D10: 6320 | E10: 2381 | F10: 0.37674051 | G10: 6320 | H10: 2401 | I10: 0.37990506 | J10: 0.008399832
A11: Diourbel | B11: Touba Mosquée | C11: DRT | D11: 51376 | E11: 22018 | F11: 0.42856587 | G11: 51376 | H11: 22552 | I11: 0.43895983 | J11: 0.024252884
A12: Kaolack | B12: Porokhane | C12: DRE | D12: 1304 | E12: 264 | F12: 0.20245399 | G12: 1304 | H12: 266 | I12: 0.20398773 | J12: 0.0075757576
A13: Thiès | B13: JOAL FADHIOUTH | C13: DRC | D13: 456 | E13: 180 | F13: 0.39473684 | G13: 456 | H13: 181 | I13: 0.39692982 | J13: 0.0055555556
A14: Thiès | B14: THIENABA | C14: DRC | D14: 1736 | E14: 651 | F14: 0.375 | G14: 1736 | H14: 735 | I14: 0.4233871 | J14: 0.12903226

Sheet NRO
A1: Programme | B1: Zone DR | C1: CENTRAL | D1: NRO de rattachement | E1: SR | F1: Plaque | G1: NRO_plaque | H1: NRO | I1: NRO+PLAQUES | J1: Architecture | K1: COMUNE | L1: Arrondissement | M1: Département | N1: Région | O1: N EQL TOTAL | P1: Nombre de raccorde | Q1: TAUX D'OCCUPATION | R1: Total_PBO saturé | S1: Total PBO déployé | T1: Date d'ouverture | U1: Zone de couverture
A2: 2017 | B2: DR1 | C2: Medina | D2: MEDINA | E2: A03 | F2: A03 | G2: MEDINA_A03 | H2: MED | I2: O_MED_A03 | J2: ZONE TRES DENSE | K2: Dakar-Plateau | L2: Dakar-Plateau | M2: Dakar | N2: Dakar | O2: 1736 | P2: 614 | Q2: =P2/O2 -> 0.35368664 | R2: 54 | S2: 154 | T2: 43045 | U2: Plateau
A3: 2017 | B3: DR1 | C3: SIEGE VDN | D3: SIEGE VDN | E3: C10 | F3: C10 | G3: SIEGE VDN_C10 | H3: SVD | I3: O_SVD_C10 | J3: ZONE TRES DENSE | K3: Mermoz-Sacré-Cœur | L3: Almadies | M3: Dakar | N3: Dakar | O3: 3830 | P3: 1764 | Q3: =P3/O3 -> 0.46057441 | R3: 100 | S3: 335 | T3: 43045 | U3: Keur Gorgui, Sacré Cœur pyrotechnie
A4: 2017 | B4: DR1 | C4: REPUBLIQUE | D4: REPUBLIQUE | E4: A04 | F4: A04 | G4: REPUBLIQUE_A04 | H4: REP | I4: O_REP_A04 | J4: ZONE TRES DENSE | K4: Dakar-Plateau | L4: Dakar-Plateau | M4: Dakar | N4: Dakar | O4: 268 | P4: 95 | Q4: =P4/O4 -> 0.35447761 | R4: 2 | S4: 26 | T4: 43045 | U4: Plateau
A5: 2017 | B5: DR1 | C5: Republique | D5: REPUBLIQUE | E5: A11/A16 | F5: A11 | G5: REPUBLIQUE_A11 | H5: REP | I5: O_REP_A11 | J5: ZONE TRES DENSE | K5: Dakar-Plateau | L5: Dakar-Plateau | M5: Dakar | N5: Dakar | O5: 666 | P5: 243 | Q5: =P5/O5 -> 0.36486486 | R5: 5 | S5: 46 | T5: 43046 | U5: Plateau
A6: 2017 | B6: DR1 | C6: Republique | D6: REPUBLIQUE | E6: A12 | F6: A12 | G6: REPUBLIQUE_A12 | H6: REP | I6: O_REP_A12 | J6: ZONE TRES DENSE | K6: Dakar-Plateau | L6: Dakar-Plateau | M6: Dakar | N6: Dakar | O6: 476 | P6: 162 | Q6: =P6/O6 -> 0.34033613 | R6: 2 | S6: 30 | T6: 43046 | U6: Plateau
A7: 2017 | B7: DR1 | C7: Republique | D7: REPUBLIQUE | E7: B15 | F7: B15 | G7: REPUBLIQUE_B15 | H7: REP | I7: O_REP_B15 | J7: ZONE TRES DENSE | K7: Dakar-Plateau | L7: Dakar-Plateau | M7: Dakar | N7: Dakar | O7: 808 | P7: 323 | Q7: =P7/O7 -> 0.39975248 | R7: 10 | S7: 68 | T7: 43046 | U7: Plateau
A8: 2017 | B8: DR1 | C8: REPUBLIQUE | D8: REPUBLIQUE | E8: A09 | F8: A09 | G8: REPUBLIQUE_A09 | H8: REP | I8: O_REP_A09 | J8: ZONE TRES DENSE | K8: Dakar-Plateau | L8: Dakar-Plateau | M8: Dakar | N8: Dakar | O8: 1340 | P8: 597 | Q8: =P8/O8 -> 0.44552239 | R8: 24 | S8: 134 | T8: 43053 | U8: Plateau
A9: 2017 | B9: DR1 | C9: Republique | D9: REPUBLIQUE | E9: B17 | F9: B17 | G9: REPUBLIQUE_B17 | H9: REP | I9: O_REP_B17 | J9: ZONE TRES DENSE | K9: Dakar-Plateau | L9: Dakar-Plateau | M9: Dakar | N9: Dakar | O9: 760 | P9: 349 | Q9: =P9/O9 -> 0.45921053 | R9: 18 | S9: 64 | T9: 43053 | U9: Plateau
A10: 2017 | B10: DR1 | C10: Republique | D10: REPUBLIQUE | E10: A05 | F10: A05 | G10: REPUBLIQUE_A05 | H10: REP | I10: O_REP_A05 | J10: ZONE TRES DENSE | K10: Dakar-Plateau | L10: Dakar-Plateau | M10: Dakar | N10: Dakar | O10: 850 | P10: 345 | Q10: =P10/O10 -> 0.40588235 | R10: 20 | S10: 85 | T10: 43059 | U10: Plateau
A11: 2017 | B11: DR1 | C11: REPUBLIQUE | D11: REPUBLIQUE | E11: A02 | F11: A02 | G11: REPUBLIQUE_A02 | H11: REP | I11: O_REP_A02 | J11: ZONE TRES DENSE | K11: Dakar-Plateau | L11: Dakar-Plateau | M11: Dakar | N11: Dakar | O11: 1124 | P11: 564 | Q11: =P11/O11 -> 0.50177936 | R11: 26 | S11: 118 | T11: 43074 | U11: Plateau
A12: 2017 | B12: DR1 | C12: REPUBLIQUE | D12: REPUBLIQUE | E12: A08 | F12: A08 | G12: REPUBLIQUE_A08 | H12: REP | I12: O_REP_A08 | J12: ZONE TRES DENSE | K12: Dakar-Plateau | L12: Dakar-Plateau | M12: Dakar | N12: Dakar | O12: 1348 | P12: 487 | Q12: =P12/O12 -> 0.36127596 | R12: 15 | S12: 87 | T12: 43095 | U12: Plateau
A13: 2017 | B13: DR1 | C13: Republique | D13: REPUBLIQUE | E13: A10 | F13: A10 | G13: REPUBLIQUE_A10 | H13: REP | I13: O_REP_A10 | J13: ZONE TRES DENSE | K13: Dakar-Plateau | L13: Dakar-Plateau | M13: Dakar | N13: Dakar | O13: 320 | P13: 71 | Q13: =P13/O13 -> 0.221875 | R13: 3 | S13: 29 | T13: 43096 | U13: Plateau
... A483: 2021 | B483: DR2 | C483: KEUR MASSAR | D483: KEUR MASSAR | E483: L15 | F483: L40 | G483: KEUR MASSAR_L40 | H483: KMR | I483: O_KMR_L40 | J483: ZONE TRES DENSE | K483: Keur Massar Nord | L483: Malika | M483: Keur Massar | N483: Dakar | O483: 1068 | P483: 684 | Q483: =P483/O483 -> 0.64044944 | R483: 82 | S483: 178 | T483: 44582 | U483: Keur Massar
A484: 2021 | B484: DR2 | C484: GUEDIAWAYE | D484: GUEDIAWAYE | E484: M15 | F484: M15 | G484: GUEDIAWAYE_M15 | H484: GDW | I484: O_GDW_M15 | J484: ZONE TRES DENSE | K484: Golf Sud | L484: Guediawaye | M484: Guédiawaye | N484: Dakar | O484: 792 | P484: 510 | Q484: =P484/O484 -> 0.64393939 | R484: 62 | S484: 131 | T484: 44591
A485: 2021 | B485: DRE | C485: Kaolack | D485: KAOLACK | E485: A19 | F485: A19 | G485: KAOLACK_A19 | H485: KLK | I485: O_KLK_A19 | J485: PMZ | K485: Kahone | L485: Kahone | M485: Kaolack | N485: Kaolack | O485: 984 | P485: 545 | Q485: =P485/O485 -> 0.55386179 | R485: 51 | S485: 164 | T485: 44591 | U485: Kahone
A486: 2021 | B486: DRC | C486: Thies | D486: THIES | E486: A09 | F486: A09 | G486: THIES_A09 | H486: THS | I486: O_THS_A09 | J486: ZONE TRES DENSE | K486: Fandène | L486: Keur Moussa | M486: Thiès | N486: Thiès | O486: 590 | P486: 443 | Q486: =P486/O486 -> 0.75084746 | R486: 67 | S486: 98 | T486: 44591 | U486: Fahu
A487: 2021 | B487: DRC | C487: Thies | D487: THIES | E487: A10 | F487: A10 | G487: THIES_A10 | H487: THS | I487: O_THS_A10 | J487: PMZ | K487: Thiès Nord | L487: Thies Nord | M487: Thiès | N487: Thiès | O487: 1430 | P487: 833 | Q487: =P487/O487 -> 0.58251748 | R487: 108 | S487: 238 | T487: 44591 | U487: Thies Nguinth
A488: 2021 | B488: DRC | C488: Thies | D488: THIES | E488: A10 | F488: A31 | G488: THIES_A31 | H488: THS | I488: O_THS_A31 | J488: PMZ | K488: Thiès Nord | L488: Thies Nord | M488: Thiès | N488: Thiès | O488: 852 | P488: 556 | Q488: =P488/O488 -> 0.65258216 | R488: 62 | S488: 142 | T488: 44591 | U488: Thies Nguinth
A489: 2021 | B489: DRC | C489: Tivaouane | D489: TIVAOUANE | E489: A03 | F489: A07 | G489: TIVAOUANE_A07 | H489: TIV | I489: O_TIV_A07 | J489: OODN | K489: Tivaouane | L489: Pambal | M489: Tivaouane | N489: Thiès | O489: 452 | P489: 271 | Q489: =P489/O489 -> 0.59955752 | R489: 40 | S489: 75 | T489: 44591 | U489: Quartier derriere EDK
A490: 2022 | B490: DRT | C490: DAROU KHOUDOSS | D490: DAROU KHOUDOSS | E490: A00 | F490: A00 | G490: DAROU KHOUDOSS_A00 | H490: DKH | I490: O_DKH_A00 | J490: OODN | K490: Touba Mosquée | L490: Ndame | M490: Mbacké | N490: Diourbel | O490: 528 | P490: 400 | Q490: =P490/O490 -> 0.75757576 | R490: 41 | S490: 66 | T490: 44622 | U490: Darou Khoudoss 1, Touba Alie 1
A491: 2022 | B491: DRT | C491: DAROU KHOUDOSS | D491: DAROU KHOUDOSS | E491: A15 | F491: A15 | G491: DAROU KHOUDOSS_A15 | H491: DKH | I491: O_DKH_A15 | J491: OODN | K491: Touba Mosquée | L491: Ndame | M491: Mbacké | N491: Diourbel | O491: 512 | P491: 339 | Q491: =P491/O491 -> 0.66210938 | R491: 22 | S491: 64 | T491: 44622 | U491: Darou Khoudoss 5
A492: 2022 | B492: DR2 | C492: Thiaroye | D492: THIAROYE | E492: E27 | F492: E27 | G492: THIAROYE_E27 | H492: TIA | I492: O_TIA_E27 | J492: OODN | K492: Diamaguène-Sicap Mbao | L492: Ville de Pikine | M492: Pikine | N492: Dakar | O492: 488 | P492: 379 | Q492: =P492/O492 -> 0.77663934 | R492: 42 | S492: 61 | T492: 44662 | U492: Thiaroye,Sam-Sam4
A493: 2022 | B493: DR2 | C493: KEUR MASSAR | D493: KEUR MASSAR | E493: L13 | F493: L45 | G493: KEUR MASSAR_L45 | H493: KMR | I493: O_KMR_L45 | J493: OODN | K493: Keur Massar Nord | L493: Malika | M493: Keur Massar | N493: Dakar | O493: 752 | P493: 564 | Q493: =P493/O493 -> 0.75 | R493: 62 | S493: 94 | T493: 44671 | U493: Keur Massar, Unité 4
A494: 2022 | B494: DRC | C494: MBOUR | D494: MBOUR FH | E494: A06 | F494: A06 | G494: MBOUR FH_A06 | H494: MBR | I494: O_MBR_A06 | J494: OODN | K494: Malicounda | L494: Sindia | M494: M'bour | N494: Thiès | O494: 720 | P494: 512 | Q494: =P494/O494 -> 0.71111111 | R494: 48 | S494: 90 | T494: 44671 | U494: Mbour FH, Warang_Soce
A495: 2022 | B495: DRT | C495: DAROU KHOUDOSS | D495: DAROU KHOUDOSS | E495: A00 | F495: A16 | G495: DAROU KHOUDOSS_A16 | H495: DKH | I495: O_DKH_A16 | J495: OODN | K495: Touba Mosquée | L495: Ndame | M495: Mbacké | N495: Diourbel | O495: 440 | P495: 314 | Q495: =P495/O495 -> 0.71363636 | R495: 20 | S495: 55 | T495: 44672 | U495: Darou Khoudoss 1, Touba Alie 1
A496: 2022 | B496: DRT | C496: DAROU KHOUDOSS | D496: DAROU KHOUDOSS | E496: A00 | F496: A17 | G496: DAROU KHOUDOSS_A17 | H496: DKH | I496: O_DKH_A17 | J496: OODN | K496: Touba Mosquée | L496: Ndame | M496: Mbacké | N496: Diourbel | O496: 456 | P496: 319 | Q496: =P496/O496 -> 0.6995614 | R496: 26 | S496: 57 | T496: 44672 | U496: Touba Guédé
... A534: 2022 | B534: DR2 | C534: KEUR MASSAR | D534: KEUR MASSAR | E534: L05 | F534: L05 | G534: KEUR MASSAR_L05 | H534: KMR | I534: O_KMR_L05 | J534: OODN | K534: Yeumbeul Nord | L534: Yeumbeul | M534: Keur Massar | N534: Dakar | O534: 624 | P534: 512 | Q534: =P534/O534 -> 0.82051282 | R534: 50 | S534: 78 | T534: 44728 | U534: Malika
A535: 2022 | B535: DR2 | C535: GUEDIAWAYE | D535: GUEDIAWAYE | E535: M16 | F535: M16 | G535: GUEDIAWAYE_M16 | H535: GDW | I535: O_GDW_M16 | J535: OODN | K535: Golf Sud | L535: Guediawaye | M535: Guédiawaye | N535: Dakar | O535: 600 | P535: 421 | Q535: =P535/O535 -> 0.70166667 | R535: 38 | S535: 75 | T535: 44734
A536: 2022 | B536: DRC | C536: Grand Mbour | D536: GRAND MBOUR | E536: B00 | F536: B17 | G536: GRAND MBOUR_B17 | H536: GMB | I536: O_GMB_B17 | J536: OODN | K536: M'bour | L536: Sindia | M536: M'bour | N536: Thiès | O536: 704 | P536: 478 | Q536: =P536/O536 -> 0.67897727 | R536: 37 | S536: 88 | T536: 44734
A537: 2022 | B537: DRC | C537: Grand Mbour | D537: GRAND MBOUR | E537: B04 | F537: B27 | G537: GRAND MBOUR_B27 | H537: GMB | I537: O_GMB_B27 | J537: OODN | K537: Saly Portudal | L537: Sindia | M537: M'bour | N537: Thiès | O537: 776 | P537: 430 | Q537: =P537/O537 -> 0.55412371 | R537: 27 | S537: 97 | T537: 44734
A538: 2022 | B538: DR2 | C538: CAMBERENE | D538: CAMBERENE | E538: H17 | F538: H17 | G538: CAMBERENE_H17 | H538: CAM | I538: O_CAM_H17 | J538: OODN | K538: Cambérène | L538: Parcelles Assainies | M538: Dakar | N538: Dakar | O538: 600 | P538: 500 | Q538: =P538/O538 -> 0.83333333 | R538: 53 | S538: 75 | T538: 44739 | U538: Camberene
A539: 2022 | B539: DR2 | C539: CAMBERENE | D539: CAMBERENE | E539: H01 | F539: H51 | G539: CAMBERENE_H51 | H539: CAM | I539: O_CAM_H51 | J539: OODN | K539: Golf Sud | L539: Guediawaye | M539: Guédiawaye | N539: Dakar | O539: 672 | P539: 529 | Q539: =P539/O539 -> 0.78720238 | R539: 50 | S539: 84 | T539: 44739 | U539: Camberene
A540: 2022 | B540: DRC | C540: Grand Mbour | D540: GRAND MBOUR | E540: C04 | F540: B33 | G540: GRAND MBOUR_B33 | H540: GMB | I540: O_GMB_B33 | J540: OODN | K540: Saly Portudal | L540: Sindia | M540: M'bour | N540: Thiès | O540: 680 | P540: 342 | Q540: =P540/O540 -> 0.50294118 | R540: 26 | S540: 85 | T540: 44739 | U540: Saly Aérodrome
A541: 2022 | B541: DRC | C541: Grand Mbour | D541: GRAND MBOUR | E541: B00 | F541: B25 | G541: GRAND MBOUR_B25 | H541: GMB | I541: O_GMB_B25 | J541: OODN | K541: M'bour | L541: Sindia | M541: M'bour | N541: Thiès | O541: 808 | P541: 517 | Q541: =P541/O541 -> 0.63985149 | R541: 27 | S541: 101 | T541: 44742 | U541: Grand Mbour
A542: 2022 | B542: DR2 | C542: CAMBERENE | D542: CAMBERENE | E542: H37 | F542: H37 | G542: CAMBERENE_H37 | H542: CAM | I542: O_CAM_H37 | J542: OODN | K542: Parcelles Assainies | L542: Parcelles Assainies | M542: Dakar | N542: Dakar | O542: 704 | P542: 558 | Q542: =P542/O542 -> 0.79261364 | R542: 55 | S542: 88 | T542: 44746 | U542: Grand Médine
A543: 2022 | B543: DR2 | C543: CAMBERENE | D543: CAMBERENE | E543: H17 | F543: H57 | G543: CAMBERENE_H57 | H543: CAM | I543: O_CAM_H57 | J543: OODN | K543: Parcelles Assainies | L543: Parcelles Assainies | M543: Dakar | N543: Dakar | O543: 392 | P543: 335 | Q543: =P543/O543 -> 0.85459184 | R543: 31 | S543: 49 | T543: 44746 | U543: Parcelle Unité 13
A544: 2022 | B544: DR2 | C544: CAMBERENE | D544: CAMBERENE | E544: H34 | F544: H58 | G544: CAMBERENE_H58 | H544: CAM | I544: O_CAM_H58 | J544: OODN | K544: Parcelles Assainies | L544: Parcelles Assainies | M544: Dakar | N544: Dakar | O544: 440 | P544: 344 | Q544: =P544/O544 -> 0.78181818 | R544: 32 | S544: 55 | T544: 44746 | U544: Parcelle Unité 13
A545: 2022 | B545: DR2 | C545: MBAO | D545: MBAO | E545: R19 | F545: R19 | G545: MBAO_R19 | H545: MBW | I545: O_MBW_R19 | J545: OODN | K545: Rufisque Ouest | L545: Rufisque | M545: Rufisque | N545: Dakar | O545: 512 | P545: 440 | Q545: =P545/O545 -> 0.859375 | R545: 50 | S545: 64 | T545: 44748 | U545: Zac Mbao
A546: 2022 | B546: DR2 | C546: MBAO | D546: MBAO | E546: R19 | F546: R30 | G546: MBAO_R30 | H546: MBW | I546: O_MBW_R30 | J546: OODN | K546: Rufisque Ouest | L546: Rufisque | M546: Rufisque | N546: Dakar | O546: 688 | P546: 571 | Q546: =P546/O546 -> 0.82994186 | R546: 66 | S546: 86 | T546: 44748 | U546: Zac Mbao
A547: 2022 | B547: DR2 | C547: MBAO | D547: MBAO | E547: R19 | F547: R37 | G547: MBAO_R37 | H547: MBW | I547: O_MBW_R37 | J547: OODN | K547: Rufisque Ouest | L547: Rufisque | M547: Rufisque | N547: Dakar | O547: 312 | P547: 254 | Q547: =P547/O547 -> 0.81410256 | R547: 27 | S547: 39 | T547: 44748 | U547: Zac Mbao
A548: 2022 | B548: DR2 | C548: Thiaroye | D548: THIAROYE | E548: E18 | F548: E18 | G548: THIAROYE_E18 | H548: TIA | I548: O_TIA_E18 | J548: OODN | K548: Djidah Thiaroye Kaw | L548: Ville de Pikine | M548: Pikine | N548: Dakar | O548: 840 | P548: 659 | Q548: =P548/O548 -> 0.78452381 | R548: 53 | S548: 105 | T548: 44748 | U548: Thiaroye
A549: 2022 | B549: DR2 | C549: GUEDIAWAYE | D549: GUEDIAWAYE | E549: M01 | F549: M01 | G549: GUEDIAWAYE_M01 | H549: GDW | I549: O_GDW_M01 | J549: OODN | K549: Sam Notaire | L549: Guediawaye | M549: Guédiawaye | N549: Dakar | O549: 408 | P549: 305 | Q549: =P549/O549 -> 0.74754902 | R549: 28 | S549: 51 | T549: 44755 | U549: Golf nord, HLM Paris, Pikine
... A716: 2023 | B716: DR2 | C716: Sangalkam | D716: Sangalkam | E716: V03 | F716: V21 | G716: Sangalkam_V21 | H716: SGK | I716: O_SGK_V21 | J716: OODN | K716: Sangalkam | L716: Bambilor | M716: Rufisque | N716: Dakar | O716: 424 | P716: 316 | Q716: =P716/O716 -> 0.74528302 | R716: 25 | S716: 53 | T716: 45111 | U716: Kounoune
A717: 2023 | B717: DRSE | C717: Kédougou | D717: Kédougou | E717: A00 | F717: A00 | G717: Kédougou_A00 | H717: KDG | I717: O_KDG_A00 | J717: OODN | K717: Kédougou | L717: Kédougou | M717: Kédougou | N717: Kédougou | O717: 1472 | P717: 1020 | Q717: =P717/O717 -> 0.69293478 | R717: 96 | S717: 184 | T717: 45120 | U717: Lawole Tamba, Kédougou
A718: 2023 | B718: DR2 | C718: Keur Massar | D718: Keur Massar | E718: L04 | F718: L55 | G718: Keur Massar_L55 | H718: KMR | I718: O_KMR_L55 | J718: OODN | K718: Keur Massar Sud | L718: Jaxaay-Parcelles | M718: Keur Massar | N718: Dakar | O718: 1208 | P718: 762 | Q718: =P718/O718 -> 0.6307947 | R718: 52 | S718: 151 | T718: 45128 | U718: Keur Massar Cité Aynoumady
A719: 2023 | B719: DR2 | C719: Keur Massar | D719: Keur Massar | E719: L04 Ext | F719: L70 | G719: Keur Massar_L70 | H719: KMR | I719: O_KMR_L70 | J719: OODN | K719: Keur Massar Nord | L719: Malika | M719: Keur Massar | N719: Dakar | O719: 1040 | P719: 575 | Q719: =P719/O719 -> 0.55288462 | R719: 35 | S719: 130 | T719: 45128 | U719: Keur Massar Cité Marine
A720: 2023 | B720: DR2 | C720: Mbao | D720: Mbao | E720: R21 | F720: R47 | G720: Mbao_R47 | H720: MBW | I720: O_MBW_R47 | J720: OODN | K720: Jaxaay - Parcelles | L720: Jaxaay-Parcelles | M720: Keur Massar | N720: Dakar | O720: 1040 | P720: 674 | Q720: =P720/O720 -> 0.64807692 | R720: 43 | S720: 130 | T720: 45132 | U720: Jaxaay
A721: 2023 | B721: DRSE | C721: Kédougou | D721: Kédougou | E721: A01 | F721: A01 | G721: Kédougou_A01 | H721: KDG | I721: O_KDG_A01 | J721: OODN | K721: Kédougou | L721: Kédougou | M721: Kédougou | N721: Kédougou | O721: 1160 | P721: 871 | Q721: =P721/O721 -> 0.75086207 | R721: 76 | S721: 145 | T721: 45135 | U721: Kédougou
A722: 2023 | B722: DR2 | C722: Keur Massar | D722: Keur Massar | E722: L04 EXT | F722: L68 | G722: Keur Massar_L68 | H722: KMR | I722: O_KMR_L68 | J722: OODN | K722: Keur Massar Nord | L722: Malika | M722: Keur Massar | N722: Dakar | O722: 924 | P722: 536 | Q722: =P722/O722 -> 0.58008658 | R722: 33 | S722: 116 | T722: 45135 | U722: Cité marine - Medina gana sarr - Mbeubeuss
A723: 2023 | B723: DR2 | C723: Mbao | D723: Mbao | E723: R21 | F723: R43 | G723: Mbao_R43 | H723: MBW | I723: O_MBW_R43 | J723: OODN | K723: Jaxaay - Parcelles | L723: Jaxaay-Parcelles | M723: Keur Massar | N723: Dakar | O723: 1336 | P723: 1038 | Q723: =P723/O723 -> 0.77694611 | R723: 101 | S723: 167 | T723: 45135 | U723: Jaxaay
A724: 2023 | B724: DR2 | C724: Mbao | D724: Mbao | E724: L24 | F724: R56 | G724: Mbao_R56 | H724: MBW | I724: O_MBW_R56 | J724: OODN | K724: Keur Massar Sud | L724: Jaxaay-Parcelles | M724: Keur Massar | N724: Dakar | O724: 632 | P724: 417 | Q724: =P724/O724 -> 0.65981013 | R724: 35 | S724: 79 | T724: 45135 | U724: Keur Massar Quartier Mame Dior
A725: 2023 | B725: DR2 | C725: SANGALKAM | D725: SANGALKAM | E725: V03 | F725: V03 | G725: SANGALKAM_V03 | H725: SGK | I725: O_SGK_V03 | J725: OODN | K725: Sangalkam | L725: Bambilor | M725: Rufisque | N725: Dakar | O725: 688 | P725: 459 | Q725: =P725/O725 -> 0.66715116 | R725: 34 | S725: 86 | T725: 45145 | U725: Kounoune
A726: 2023 | B726: DR2 | C726: SANGALKAM | D726: SANGALKAM | E726: V03 | F726: V17 | G726: SANGALKAM_V17 | H726: SGK | I726: O_SGK_V17 | J726: OODN | K726: Sangalkam | L726: Bambilor | M726: Rufisque | N726: Dakar | O726: 1856 | P726: 841 | Q726: =P726/O726 -> 0.453125 | R726: 63 | S726: 232 | T726: 45145 | U726: Kounoune
A727: 2023 | B727: DR2 | C727: SANGALKAM | D727: SANGALKAM | E727: V03 | F727: V20 | G727: SANGALKAM_V20 | H727: SGK | I727: O_SGK_V20 | J727: OODN | K727: Sangalkam | L727: Bambilor | M727: Rufisque | N727: Dakar | O727: 760 | P727: 455 | Q727: =P727/O727 -> 0.59868421 | R727: 28 | S727: 95 | T727: 45152 | U727: Kounoune
A728: 2023 | B728: DRN | C728: SAINT LOUIS | D728: SAINT LOUIS | E728: A10 | F728: A10 | G728: SAINT LOUIS _A10 | H728: STL | I728: O_STL_A10 | J728: OODN | K728: Saint-Louis | L728: Saint-Louis | M728: Saint-Louis | N728: Saint-Louis | O728: 1736 | P728: 1079 | Q728: =P728/O728 -> 0.62154378 | R728: 83 | S728: 217 | T728: 45156 | U728: Saint Louis Diamguene, HLM
A729: 2023 | B729: DR2 | C729: Mbao | D729: Mbao | E729: R21 | F729: R21 | G729: Mbao_R21 | H729: MBW | I729: O_MBW_R21 | J729: OODN | K729: Jaxaay - Parcelles | L729: Jaxaay-Parcelles | M729: Keur Massar | N729: Dakar | O729: 1280 | P729: 959 | Q729: =P729/O729 -> 0.74921875 | R729: 84 | S729: 160 | T729: 45161 | U729: Cité gendarmerie Keur Massar
A730: 2023 | B730: DR2 | C730: Rufisque | D730: Rufisque | E730: G15 | F730: G30 | G730: Rufisque_G30 | H730: RUF | I730: O_RUF_G30 | J730: OODN | K730: Rufisque Nord | L730: Rufisque | M730: Rufisque | N730: Dakar | O730: 888 | P730: 618 | Q730: =P730/O730 -> 0.69594595 | R730: 48 | S730: 111 | T730: 45166 | U730: Rufisque Nord cité Tacko
A731: 2023 | B731: DR2 | C731: Sangalkam | D731: Sangalkam | E731: V03 | F731: V22 | G731: Sangalkam_V22 | H731: SGK | I731: O_SGK_V22 | J731: OODN | K731: Sangalkam | L731: Bambilor | M731: Rufisque | N731: Dakar | O731: 544 | P731: 347 | Q731: =P731/O731 -> 0.63786765 | R731: 19 | S731: 68 | T731: 45166 | U731: Kounoune quartier Darou Salam
A732: 2023 | B732: DR2 | C732: Mbao | D732: Mbao | E732: L04 | F732: R45 | G732: Mbao_R45 | H732: MBW | I732: O_MBW_R45 | J732: OODN | K732: Jaxaay - Parcelles | L732: Jaxaay-Parcelles | M732: Keur Massar | N732: Dakar | O732: 1224 | P732: 937 | Q732: =P732/O732 -> 0.76552288 | R732: 94 | S732: 153 | T732: 45167 | U732: Keur Massar quartiers Jaxaay/Rufisque
A733: 2023 | B733: DR2 | C733: Mbao | D733: Mbao | E733: L04 | F733: R54 | G733: Mbao_R54 | H733: MBW | I733: O_MBW_R54 | J733: OODN | K733: Keur Massar Sud | L733: Jaxaay-Parcelles | M733: Keur Massar | N733: Dakar | O733: 1216 | P733: 766 | Q733: =P733/O733 -> 0.62993421 | R733: 55 | S733: 152 | T733: 45167 | U733: Keur Massar
A734: 2023 | B734: DR2 | C734: Mbao | D734: Mbao | E734: L24 | F734: R55 | G734: Mbao_R55 | H734: MBW | I734: O_MBW_R55 | J734: OODN | K734: Keur Massar Sud | L734: Jaxaay-Parcelles | M734: Keur Massar | N734: Dakar | O734: 1352 | P734: 760 | Q734: =P734/O734 -> 0.56213018 | R734: 44 | S734: 169 | T734: 45167 | U734: Keur massar 3
A735: 2023 | B735: DRN | C735: Saint Louis | D735: Saint Louis | E735: A11 | F735: A11 | G735: Saint Louis_A11 | H735: STL | I735: O_STL_A11 | J735: OODN | K735: Saint-Louis | L735: Saint-Louis | M735: Saint-Louis | N735: Saint-Louis | O735: 912 | P735: 683 | Q735: =P735/O735 -> 0.74890351 | R735: 60 | S735: 114 | T735: 45169 | U735: Diamaguène, HLM
A736: 2023 | B736: DR2 | C736: Mbao | D736: Mbao | E736: R21 | F736: R44 | G736: Mbao_R44 | H736: MBW | I736: O_MBW_R44 | J736: OODN | K736: Jaxaay - Parcelles | L736: Jaxaay-Parcelles | M736: Keur Massar | N736: Dakar | O736: 1064 | P736: 900 | Q736: =P736/O736 -> 0.84586466 | R736: 100 | S736: 133 | T736: 45177 | U736: Keur Massar Parcelle Unités 5-6
A737: 2023 | B737: DR2 | C737: Mbao | D737: Mbao | E737: R21 | F737: R49 | G737: Mbao_R49 | H737: MBW | I737: O_MBW_R49 | J737: OODN | K737: Jaxaay - Parcelles | L737: Jaxaay-Parcelles | M737: Keur Massar | N737: Dakar | O737: 816 | P737: 604 | Q737: =P737/O737 -> 0.74019608 | R737: 51 | S737: 102 | T737: 45184 | U737: Jaxaay 2 unité 19
A738: 2023 | B738: DR2 | C738: Mbao | D738: Mbao | E738: L04 | F738: R52 | G738: Mbao_R52 | H738: MBW | I738: O_MBW_R52 | J738: OODN | K738: Keur Massar Sud | L738: Jaxaay-Parcelles | M738: Keur Massar | N738: Dakar | O738: 920 | P738: 487 | Q738: =P738/O738 -> 0.52934783 | R738: 26 | S738: 115 | T738: 45184 | U738: Keur Massar quartier Aladji Pathé
A739: 2023 | B739: DR2 | C739: Keur Massar | D739: Keur Massar | E739: L04 | F739: L56 | G739: Keur Massar_L56 | H739: KMR | I739: O_KMR_L56 | J739: OODN | K739: Keur Massar Nord | L739: Malika | M739: Keur Massar | N739: Dakar | O739: 1016 | P739: 658 | Q739: =P739/O739 -> 0.6476378 | R739: 58 | S739: 127 | T739: 45187 | U739: Keur Massar cité SOTRAC
A740: 2023 | B740: DR2 | C740: MBAO | D740: Mbao | E740: R21 | F740: R46 | G740: Mbao_R46 | H740: MBW | I740: O_MBW_R46 | J740: OODN | K740: Jaxaay - Parcelles | L740: Jaxaay-Parcelles | M740: Keur Massar | N740: Dakar | O740: 1136 | P740: 882 | Q740: =P740/O740 -> 0.77640845 | R740: 84 | S740: 142 | T740: 45195 | U740: Jaxaay 2
A741: 2023 | B741: DRC | C741: MBOUR FH | D741: MBOUR FH | E741: A05 | F741: A08 | G741: MBOUR FH_A08 | H741: MBR | I741: O_MBR_A08 | J741: OODN | K741: Malicounda | L741: Sindia | M741: M'bour | N741: Thiès | O741: 240 | P741: 101 | Q741: =P741/O741 -> 0.42083333 | R741: 4 | S741: 30 | T741: 45204 | U741: Résidence Nianning
A742: 2023 | B742: DR2 | C742: KEUR MASSAR | D742: KEUR MASSAR | E742: L04 | F742: L69 | G742: KEUR MASSAR_L69 | H742: KMR | I742: O_KMR_L69 | J742: OODN | K742: Keur Massar Nord | L742: Malika | M742: Keur Massar | N742: Dakar | O742: 1016 | P742: 606 | Q742: =P742/O742 -> 0.59645669 | R742: 42 | S742: 127 | T742: 45208 | U742: Keur Massar quartier Maréga
A743: 2023 | B743: DR2 | C743: KEUR MASSAR | D743: KEUR MASSAR | E743: L04 | F743: L76 | G743: KEUR MASSAR_L76 | H743: KMR | I743: O_KMR_L76 | J743: OODN | K743: Keur Massar Nord | L743: Malika | M743: Keur Massar | N743: Dakar | O743: 792 | P743: 595 | Q743: =P743/O743 -> 0.75126263 | R743: 61 | S743: 99 | T743: 45208 | U743: Keur Massar Darou Salam 2
A744: 2023 | B744: DR2 | C744: KEUR MASSAR | D744: KEUR MASSAR | E744: L04 | F744: R53 | G744: KEUR MASSAR_R53 | H744: MBW | I744: O_MBW_R53 | J744: OODN | K744: Keur Massar Sud | L744: Jaxaay-Parcelles | M744: Keur Massar | N744: Dakar | O744: 1112 | P744: 642 | Q744: =P744/O744 -> 0.57733813 | R744: 46 | S744: 139 | T744: 45222 | U744: Keur Massar
A745: 2023 | B745: DRE | C745: FATICK | D745: FATICK | E745: A00 | F745: A00 | G745: FATICK_A00 | H745: FAT | I745: O_FAT_A00 | J745: OODN | K745: Fatick | L745: Fatick | M745: Fatick | N745: Fatick | O745: 1280 | P745: 649 | Q745: =P745/O745 -> 0.50703125 | R745: 40 | S745: 160 | T745: 45229 | U745: Pourham
A746: 2023 | B746: DRE | C746: FATICK | D746: FATICK | E746: A00 | F746: A03 | G746: FATICK_A03 | H746: FAT | I746: O_FAT_A03 | J746: OODN | K746: Fatick | L746: Fatick | M746: Fatick | N746: Fatick | O746: 1064 | P746: 638 | Q746: =P746/O746 -> 0.59962406 | R746: 47 | S746: 133 | T746: 45229 | U746: Cite Emetteur, Fatick
A747: 2023 | B747: DRC | C747: GRAND MBOUR | D747: GRAND MBOUR | E747: B02 | F747: B34 | G747: GRAND MBOUR_B34 | H747: GMB | I747: O_GMB_B34 | J747: OODN | K747: M'bour | L747: Sindia | M747: M'bour | N747: Thiès | O747: 2008 | P747: 1025 | Q747: =P747/O747 -> 0.51045817 | R747: 88 | S747: 251 | T747: 45229 | U747: Grand Mbour
A748: 2023 | B748: DRSE | C748: TAMBA | D748: TAMBA | E748: A00 | F748: A00 | G748: TAMBA_A00 | H748: TBA | I748: O_TBA_A00 | J748: QODN | K748: Tambacounda | L748: Tambacounda | M748: Tambacounda | N748: Tambacounda | O748: 688 | P748: 519 | Q748: =P748/O748 -> 0.75436047 | R748: 54 | S748: 86 | T748: 45230 | U748: HLM 3 Tamba
A749: 2023 | B749: DRSE | C749: TAMBA | D749: TAMBA | E749: A00 | F749: A09 | G749: TAMBA_A09 | H749: TBA | I749: O_TBA_A09 | J749: QODN | K749: Tambacounda | L749: Tambacounda | M749: Tambacounda | N749: Tambacounda | O749: 1080 | P749: 763 | Q749: =P749/O749 -> 0.70648148 | R749: 70 | S749: 135 | T749: 45230 | U749: Saré Guilèle
A750: 2023 | B750: DRSE | C750: KEDOUGOU | D750: KEDOUGOU | E750: A00 | F750: A02 | G750: KEDOUGOU_A02 | H750: KDG | I750: O_KDG_A02 | J750: QODN | K750: Kédougou | L750: Kédougou | M750: Kédougou | N750: Kédougou | O750: 1040 | P750: 763 | Q750: =P750/O750 -> 0.73365385 | R750: 66 | S750: 130 | T750: 45230 | U750: Nianing
A751: 2023 | B751: DR1 | C751: SIEGE VDN | D751: SIEGE VDN | E751: C10 | F751: C10B | G751: SIEGE VDN_C10B | H751: SVD | I751: O_SVD_C10BIS | J751: ZONE TRES DENSE | K751: Mermoz-Sacré-Cœur | L751: Almadies | M751: Dakar | N751: Dakar | O751: 808 | P751: 63 | Q751: =P751/O751 -> 0.077970297 | R751: 6 | S751: 132 | T751: 45243 | U751: Keur Gorgui, Sacré Cœur pyrotechnie
... A837: 2023 | B837: DR2 | C837: Niague | D837: Sangalkam | E837: A00 | F837: V35 | G837: Sangalkam_V35 | H837: SGK | I837: O_SGK_V35 | J837: QODN | K837: Tivaouane Peulh-Niaga | L837: Bambilor | M837: Rufisque | N837: Dakar | O837: 1032 | P837: 615 | Q837: =P837/O837 -> 0.59593023 | R837: 43 | S837: 129 | T837: 45485 | U837: Niakoul rap
A838: 2024 | B838: DRC | C838: Tivaouane | D838: Tivaouane | F838: A12 | G838: Tivaouane_A12 | H838: TIV | I838: O_TIV_A12 | J838: OODN | K838: Tivaouane | L838: Pambal | M838: Tivaouane | N838: Thiès | O838: 880 | P838: 637 | Q838: =P838/O838 -> 0.72386364 | R838: 46 | S838: 110 | T838: 45485 | U838: Tivaouane
A839: 2024 | B839: DRSE | C839: Tamba | D839: Tamba | E839: A01 | F839: A01 | G839: Tamba_A01 | H839: TBA | I839: O_TBA_A01 | J839: QODN | K839: Tambacounda | L839: Tambacounda | M839: Tambacounda | N839: Tambacounda | O839: 1264 | P839: 765 | Q839: =P839/O839 -> 0.60522152 | R839: 53 | S839: 158 | T839: 45485 | U839: Liberté Ouest
A840: 2024 | B840: DRS | C840: Ziguinchor | D840: Ziguinchor | E840: A10 | F840: A10 | G840: Ziguinchor_A10 | H840: ZIG | I840: O_ZIG_A10 | J840: OODN | K840: Ziguinchor | L840: Ziguinchor | M840: Ziguinchor | N840: Ziguinchor | O840: 1032 | P840: 640 | Q840: =P840/O840 -> 0.62015504 | R840: 38 | S840: 129 | T840: 45492 | U840: Boucotte
A841: 2024 | B841: DRN | C841: Louga | D841: Louga | E841: A04 | F841: A17 | G841: Louga_A17 | H841: LGA | I841: O_LGA_A17 | J841: OODN | K841: Nguidilé | L841: Mbediene | M841: Louga | N841: Louga | O841: 248 | P841: 168 | Q841: =P841/O841 -> 0.67741935 | R841: 15 | S841: 31 | T841: 45492 | U841: Maka Bra GUEYE
A842: 2024 | B842: DRN | C842: Louga | D842: Louga | E842: A04 | F842: A18 | G842: Louga_A18 | H842: LGA | I842: O_LGA_A18 | J842: OODN | K842: Nguidilé | L842: Mbediene | M842: Louga | N842: Louga | O842: 216 | P842: 181 | Q842: =P842/O842 -> 0.83796296 | R842: 18 | S842: 27 | T842: 45492 | U842: Djellerou SYLLA
A843: 2024 | B843: DR2 | C843: Niague | D843: Sangalkam | E843: A00 | F843: V38 | G843: Sangalkam_V38 | H843: SGK | I843: O_SGK_V38 | J843: QODN | K843: Tivaouane Peulh-Niaga | L843: Bambilor | M843: Rufisque | N843: Dakar | O843: 768 | P843: 484 | Q843: =P843/O843 -> 0.63020833 | R843: 32 | S843: 96 | T843: 45499 | U843: CROISEMENT NIAGUE
A844: 2024 | B844: DRS | C844: Ziguinchor | D844: Ziguinchor | E844: A09 | F844: A09 | G844: Ziguinchor_A09 | H844: ZIG | I844: O_ZIG_A09 | J844: OODN | K844: Ziguinchor | L844: Ziguinchor | M844: Ziguinchor | N844: Ziguinchor | O844: 872 | P844: 549 | Q844: =P844/O844 -> 0.62958716 | R844: 31 | S844: 109 | T844: 45499 | U844: Ziguinchor
A845: 2024 | B845: DRT | C845: Touba Madyana | D845: Touba Madyana | E845: B11 | F845: B18 | G845: Touba Madyana_B18 | H845: MAD | I845: O_MAD_B18 | J845: QODN | K845: Touba Mosquée | L845: Ndame | M845: Mbacké | N845: Diourbel | O845: 1088 | P845: 491 | Q845: =P845/O845 -> 0.45128676 | R845: 13 | S845: 136 | T845: 45499 | U845: DIANATOU DAROU TANZIL
A846: 2024 | B846: DRS | C846: Ziguinchor | D846: Ziguinchor | E846: A08 | F846: A23 | G846: Ziguinchor_A23 | H846: ZIG | I846: O_ZIG_A23 | J846: OODN | K846: Ziguinchor | L846: Ziguinchor | M846: Ziguinchor | N846: Ziguinchor | O846: 920 | P846: 619 | Q846: =P846/O846 -> 0.67282609 | R846: 47 | S846: 115 | T846: 45504 | U846: Ziguinchor
A847: 2024 | B847: DR2 | C847: Niague | D847: Sangalkam | E847: A00 | F847: V28 | G847: Sangalkam_V28 | H847: SGK | I847: O_SGK_V28 | J847: QODN | K847: Sangalkam | L847: Bambilor | M847: Rufisque | N847: Dakar | O847: 832 | P847: 533 | Q847: =P847/O847 -> 0.640625 | R847: 37 | S847: 104 | T847: 45504 | U847: NIAGUE
A848: 2024 | B848: DRSE | C848: Kédougou | D848: Kédougou | E848: A03 | F848: A04 | G848: Kédougou_A04 | H848: KDG | I848: O_KDG_A04 | J848: QODN | K848: Kédougou | L848: Kédougou | M848: Kédougou | N848: Kédougou | O848: 456 | P848: 172 | Q848: =P848/O848 -> 0.37719298 | R848: 3 | S848: 57 | T848: 45504 | U848: Kédougou
A849: 2024 | B849: DR2 | C849: Niague | D849: Sangalkam | E849: A00 | F849: V29 | G849: Sangalkam_V29 | H849: SGK | I849: O_SGK_V29 | J849: QODN | K849: Tivaouane Peulh-Niaga | L849: Bambilor | M849: Rufisque | N849: Dakar | O849: 984 | P849: 573 | Q849: =P849/O849 -> 0.58231707 | R849: 31 | S849: 123 | T849: 45513 | U849: NIAGUE
A850: 2025 | B850: DRT | C850: Touba Mosquée | D850: Touba Mosquée | E850: D10 | F850: D10 | G850: Touba Mosquée_D10 | H850: TBM | I850: O_TBM_D10 | J850: QODN | K850: Touba Mosquée | L850: Ndame | M850: Mbacké | N850: Diourbel | O850: 1224 | P850: 736 | Q850: =P850/O850 -> 0.60130719 | R850: 46 | S850: 153 | T850: 45513 | U850: DAROU MINAME
... A906: 2025 | B906: DRN | C906: Louga | D906: Louga | E906: A02 | F906: A20 | G906: Louga_A20 | H906: LGA | I906: O_LGA_A20 | J906: QODN | K906: Louga | L906: Louga | M906: Louga | N906: Louga | O906: 656 | P906: 340 | Q906: =P906/O906 -> 0.51829268 | R906: 19 | S906: 82 | T906: 45661 | U906: NGUIDILE
A907: 2025 | B907: DRC | C907: Thiès | D907: Thiès | F907: A47 | G907: Thiès_A47 | H907: THS | I907: O_THS_A47 | J907: OODN | K907: Fandène | L907: Keur Moussa | M907: Thiès | N907: Thiès | O907: 1144 | P907: 574 | Q907: =P907/O907 -> 0.50174825 | R907: 32 | S907: 143 | T907: 45662 | U907: Keur Massamba Gueye
A908: 2025 | B908: DRT | C908: Touba Ndame | D908: Touba Ndame | E908: C12 | F908: C17 | G908: Touba Ndame_C17 | H908: NDA | I908: O_NDA_C17 | J908: ECAM CONNECT | K908: Touba Mosquée | L908: Ndame | M908: Mbacké | N908: Diourbel | O908: 1096 | P908: 508 | Q908: =P908/O908 -> 0.46350365 | R908: 12 | S908: 137 | T908: 45663 | U908: DAROU TANZIL
A909: 2025 | B909: DR2 | C909: Sébikotane | D909: Diamniadio | E909: N01 | F909: N13 | G909: Diamniadio_N13 | H909: DMD | I909: O_DMD_N13 | J909: QODN | K909: Diamniadio | L909: Rufisque | M909: Rufisque | N909: Dakar | O909: 480 | P909: 208 | Q909: =P909/O909 -> 0.43333333 | R909: 9 | S909: 60 | T909: 45668 | U909: Diamniadio sud 1
A910: 2025 | B910: DR2 | C910: Sébikotane | D910: Sébikotane | E910: N03 | F910: N11 | G910: Sébikotane_N11 | H910: SEB | I910: O_SEB_N11 | J910: QODN | K910: Diamniadio | L910: Rufisque | M910: Rufisque | N910: Dakar | O910: 1272 | P910: 684 | Q910: =P910/O910 -> 0.53773585 | R910: 37 | S910: 159 | T910: 45671 | U910: Sébikotane
A911: 2025 | B911: DRC | C911: GRAND MBOUR | D911: GRAND MBOUR | E911: C05 | F911: C11 | G911: GRAND MBOUR_C11 | H911: GMB | I911: O_GMB_C11 | J911: OODN | K911: M'bour | L911: Sindia | M911: M'bour | N911: Thiès | O911: 608 | P911: 342 | Q911: =P911/O911 -> 0.5625 | R911: 19 | S911: 76 | T911: 45671 | U911: Nguerrıng
A912: 2025 | B912: DR2 | C912: Sébikotane | D912: Sébikotane | E912: N03 | F912: N12 | G912: Sébikotane_N12 | H912: SEB | I912: O_SEB_N12 | J912: QODN | K912: Sébikhotane | L912: Rufisque | M912: Rufisque | N912: Dakar | O912: 696 | P912: 348 | Q912: =P912/O912 -> 0.5 | R912: 16 | S912: 87 | T912: 45673 | U912: SEBI TANGOR
...

Sheet PBO_0_Client
A1: NRO | B1: Plaque | C1: PBO | D1: Latitude | E1: Longitude | F1: Occupation | G1: Total Brins | H1: Brins Occupés | I1: Taux | J1: DR | K1: Action Requise | L1: Libellé | M1: Base Client non mis à jour | N1: Commentaire
A2: =_xlfn.XLOOKUP(B2,NRO!I:I,NRO!H:H) -> YOF | B2: O_YOF_F05 | C2: 618-619_7 | D2: 14.76037 | E2: -17.48233 | F2: 0 | G2: 6 | H2: 0 | I2: 0 | J2: DR1 | K2: Aller sur le terrain et vérifier | L2: O_YOF_F05_618-619_7 | M2: =VLOOKUP(L2,[2]Feuil1!$F:$F,1,) -> #N/A
A3: =_xlfn.XLOOKUP(B3,NRO!I:I,NRO!H:H) -> CAM | B3: O_CAM_H55 | C3: PBO103_7 | D3: 14.75311 | E3: -17.42772 | F3: 0 | G3: 8 | H3: 0 | I3: 0 | J3: DR2 | K3: Aller sur le terrain et vérifier | L3: O_CAM_H55_PBO103_7 | M3: =VLOOKUP(L3,[2]Feuil1!$F:$F,1,) -> #N/A
A4: =_xlfn.XLOOKUP(B4,NRO!I:I,NRO!H:H) -> SVD | B4: O_SVD_C16 | C4: 370B-371_7 | D4: 14.70597 | E4: -17.4622 | F4: 0 | G4: 6 | H4: 0 | I4: 0 | J4: DR1 | K4: Aller sur le terrain et vérifier | L4: O_SVD_C16_370B-371_7 | M4: =VLOOKUP(L4,[2]Feuil1!$F:$F,1,) -> #N/A
A5: =_xlfn.XLOOKUP(B5,NRO!I:I,NRO!H:H) -> BIG | B5: O_BIG_A04 | C5: PBO122_7 | D5: 12.7982 | E5: -16.22963 | F5: 0 | G5: 8 | H5: 0 | I5: 0 | J5: DRS | K5: Aller sur le terrain et vérifier | L5: O_BIG_A04_PBO122_7 | M5: =VLOOKUP(L5,[2]Feuil1!$F:$F,1,) -> #N/A
A6: =_xlfn.XLOOKUP(B6,NRO!I:I,NRO!H:H) -> SVD | B6: O_SVD_C09 | C6: 333-334_7 | D6: 14.71435 | E6: -17.46751 | F6: 0 | G6: 6 | H6: 0 | I6: 0 | J6: DR1 | K6: Aller sur le terrain et vérifier | L6: O_SVD_C09_333-334_7 | M6: =VLOOKUP(L6,[2]Feuil1!$F:$F,1,) -> #N/A
A7: =_xlfn.XLOOKUP(B7,NRO!I:I,NRO!H:H) -> MBW | B7: O_MBW_R39 | C7: PBO4_7 | D7: 14.732255 | E7: -17.31129 | F7: 0 | G7: 8 | H7: 0 | I7: 0 | J7: DR2 | K7: Aller sur le terrain et vérifier | L7: O_MBW_R39_PBO4_7 | M7: =VLOOKUP(L7,[2]Feuil1!$F:$F,1,) -> #N/A
A8: =_xlfn.XLOOKUP(B8,NRO!I:I,NRO!H:H) -> YOF | B8: O_YOF_F11 | C8: 200-201_7 | D8: 14.74256 | E8: -17.50237 | F8: 0 | G8: 6 | H8: 0 | I8: 0 | J8: DR1 | K8: Aller sur le terrain et vérifier | L8: O_YOF_F11_200-201_7 | M8: =VLOOKUP(L8,[2]Feuil1!$F:$F,1,) -> #N/A
A9: =_xlfn.XLOOKUP(B9,NRO!I:I,NRO!H:H) -> THS | B9: O_THS_A07 | C9: PBO118_7 | D9: 14.40934 | E9: -16.95465 | F9: 0 | G9: 8 | H9: 0 | I9: 0 | J9: DRC | K9: Aller sur le terrain et vérifier | L9: O_THS_A07_PBO118_7 | M9: =VLOOKUP(L9,[2]Feuil1!$F:$F,1,) -> #N/A
A10: =_xlfn.XLOOKUP(B10,NRO!I:I,NRO!H:H) -> BGY | B10: O_BGY_T03 | C10: PBO158_7 | D10: 14.70662 | E10: -17.2358 | F10: 0 | G10: 8 | H10: 0 | I10: 0 | J10: DR2 | K10: Aller sur le terrain et vérifier | L10: O_BGY_T03_PBO158_7 | M10: =VLOOKUP(L10,[2]Feuil1!$F:$F,1,) -> #N/A
A11: =_xlfn.XLOOKUP(B11,NRO!I:I,NRO!H:H) -> KOL | B11: O_KOL_A11 | C11: MEB03-A10_7 | D11: 12.89993 | E11: -14.93033 | F11: 0 | G11: 6 | H11: 0 | I11: 0 | J11: DRS | K11: Aller sur le terrain et vérifier | L11: O_KOL_A11_MEB03-A10_7 | M11: =VLOOKUP(L11,[2]Feuil1!$F:$F,1,) -> #N/A
A12: =_xlfn.XLOOKUP(B12,NRO!I:I,NRO!H:H) -> GDW | B12: O_GDW_M32 | C12: 472-473_7 | D12: 14.79324 | E12: -17.35922 | F12: 0 | G12: 6 | H12: 0 | I12: 0 | J12: DR2 | K12: Aller sur le terrain et vérifier | L12: O_GDW_M32_472-473_7 | M12: =VLOOKUP(L12,[2]Feuil1!$F:$F,1,) -> #N/A
A13: =_xlfn.XLOOKUP(B13,NRO!I:I,NRO!H:H) -> MED | B13: O_MED_B07 | C13: 401-402_7 | D13: 14.67341 | E13: -17.43756 | F13: 0 | G13: 6 | H13: 0 | I13: 0 | J13: DR1 | K13: Aller sur le terrain et vérifier | L13: O_MED_B07_401-402_7 | M13: =VLOOKUP(L13,[2]Feuil1!$F:$F,1,) -> #N/A
... A4378: =_xlfn.XLOOKUP(B4378,NRO!I:I,NRO!H:H) -> TIV | B4378: O_TIV_A05 | C4378: MEB06-A9_7 | D4378: 14.95175 | E4378: -16.81697 | F4378: 0 | G4378: 6 | H4378: 0 | I4378: 0 | J4378: DRC | K4378: Aller sur le terrain et vérifier | L4378: O_TIV_A05_MEB06-A9_7 | M4378: =VLOOKUP(L4378,[2]Feuil1!$F:$F,1,) -> #N/A
